verdict,canonicalName,fdcDescription,fdcId,calories,fat,protein,carbs,judgeReason,guardrailVerdict,overlapRatio,hansRuling
NO,lemon,"Lemon juice from concentrate, bottled, REAL LEMON",167802,17,0.07,0.47,5.66,"Recipe 'lemon' means the whole fruit/juice from fresh, but this is bottled lemon juice concentrate—a different form/food than a recipe's lemon.",fail,0.17,
NO,mayonnaise,"Salad dressing, mayonnaise and mayonnaise-type, low calorie",168112,263,19,0.9,23.9,"Recipe 'mayonnaise' means regular mayo (~680 kcal, ~75g fat); this is a low-calorie/diet version with far lower fat and inflated carbs.",fail,0.17,
NO,mixed greens,"Vegetables, mixed (corn, lima beans, peas, green beans, carrots) canned, no salt added",169085,37,0.2,1.4,7.31,"Recipe 'mixed greens' means leafy salad greens, not a canned corn/beans/peas/carrots vegetable mix.",fail,0.17,
NO,whole chicken,"School Lunch, chicken nuggets, whole grain breaded",170795,270,12.9,15.7,22.9,"Whole chicken is raw poultry, not breaded chicken nuggets; carbs 22.9g reveals breading, wrong food/state.",fail,0.17,
NO,beef chuck roast,"Beef, chuck eye roast, boneless, America's Beef Roast, separable lean only, trimmed to 0"" fat, choice, cooked, roasted",169496,190,9.36,26.4,0,"Recipe chuck roast is untrimmed/raw with marbling; USDA record is lean-only trimmed to 0"" fat and cooked, understating fat and altering per-gram macros.",pass,0.2,
NO,fresh mint,"Candies, NESTLE, AFTER EIGHT Mints",168766,432,11.9,1.67,79.5,Fresh mint herb matched to a candy; totally different food with 79.5g carbs and 432 cal per 100g.,fail,0.2,
NO,ribeye steak,"Game meat, bison, ribeye, separable lean only, 1"" steak, cooked, broiled",172599,177,5.67,29.4,0,"Recipe ribeye is beef; matched record is bison ribeye, a different species with different fat/macros.",fail,0.2,
NO,salsa,"Dip, salsa con queso, cheese and salsa- medium",174068,143,9.51,3.14,11.1,"Salsa con queso (cheese dip, 9.5g fat) is a different food than plain salsa, which is near fat-free and much lower calorie.",fail,0.2,
NO,beef brisket flat,"Beef, brisket, flat half, boneless, separable lean only, trimmed to 0"" fat, select, raw",168658,124,4.14,21.7,0,"Recipe brisket is a fatty cut; this is trimmed lean-only select at 4.14g fat, understating fat/calories significantly.",pass,0.25,
NO,boneless ribeye steak,"Beef, ribeye cap steak, boneless, separable lean only, trimmed to 0"" fat, choice, raw",174699,187,11.4,19.5,1.75,"Ribeye cap (spinalis) lean-only is a different cut than a whole ribeye steak, which includes marbled fat; macros understate the recipe's fat.",fail,0.25,
NO,coconut milk,"Beverages, coconut milk, sweetened, fortified with calcium, vitamins A, B12, D2",174116,31,2.08,0.21,2.92,"Recipe 'coconut milk' means canned coconut milk (~20% fat, ~200 kcal/100g); this is a sweetened beverage at 31 kcal/100g — wildly different macros.",fail,0.29,
NO,flour tortilla,"Tortillas, ready-to-bake or -fry, flour, refrigerated",175037,306,7.99,8.2,49.4,"Recipe flour tortillas are the standard ready-to-eat product; this is a raw refrigerated ready-to-bake/fry dough, differing in state (uncooked) and macros.",pass,0.29,
NO,flour tortillas,"Tortillas, ready-to-bake or -fry, flour, refrigerated",175037,306,7.99,8.2,49.4,"Recipe means ready-to-eat flour tortillas; this is a raw refrigerated dough (ready-to-bake/fry), a different state with lower carbs/higher fat than baked tortillas (~52-55g carbs, ~6g fat).",pass,0.29,
NO,large flour tortilla,"Tortillas, ready-to-bake or -fry, flour, refrigerated",175037,306,7.99,8.2,49.4,"Recipe means a ready-to-eat flour tortilla; this record is an unbaked/raw refrigerated dough (needs baking/frying), so state and macros differ.",pass,0.29,
NO,sandwich bread,"Rudi's, Gluten-Free Bakery, Original Sandwich Bread",167597,320,10.7,3.13,52.8,"Gluten-free bread has very different macros (10.7g fat) than standard wheat sandwich bread (~3-4g fat, higher protein).",fail,0.29,
NO,small flour tortilla,"Tortillas, ready-to-bake or -fry, flour, refrigerated",175037,306,7.99,8.2,49.4,"Recipe uses a finished flour tortilla; USDA record is refrigerated raw dough (ready-to-bake/-fry), a different state with off macros.",pass,0.29,
NO,yellow potato,"Potatoes, yellow fleshed, french fried, frozen, unprepared",169764,162,5.84,2.47,25,"Recipe 'yellow potato' means raw tuber; matched record is french fried frozen with added fat (5.84g), wrong state/macros.",pass,0.29,
NO,black forest ham,"SUBWAY, black forest ham sub on white bread with lettuce and tomato",170712,151,2.53,9.12,22.9,"Matched to a full sub sandwich (with bread, lettuce, tomato) not plain ham; carbs 22.9g reveal the bread, not the meat ingredient.",fail,0.3,
NO,bananas,"Bananas, dehydrated, or banana powder",173945,346,1.81,3.89,88.3,"Recipe 'bananas' means fresh raw (~89 cal/100g), but record is dehydrated banana powder (346 cal/100g) — wrong state, macros and density way off.",fail,0.33,
NO,butter,"Butter, Clarified butter (ghee)",171314,900,100,0,0,"Ghee is clarified (water/milk solids removed), so it's ~100% fat vs butter's ~81% fat and ~16% water—different macros and density.",pass,0.33,
NO,buttermilk,"Milk, buttermilk, dried",171274,387,5.78,34.3,49,"Recipe buttermilk is liquid (~40 cal/100g), but record is dried buttermilk powder (387 cal/100g); wrong state, macros/density way off.",fail,0.33,
NO,chicken tenderloins,"CRACKER BARREL, chicken tenderloin platter, fried",169842,293,15.5,18.1,20.3,Recipe wants raw chicken tenderloins; matched record is a battered/fried restaurant platter with 20g carbs and high fat.,fail,0.33,
NO,chickpeas,Chickpea flour (besan),174288,387,6.69,22.4,57.8,"Recipe 'chickpeas' means whole beans, not besan flour; density and per-quantity macros differ.",pass,0.33,
NO,crusty artisan bread loaf,"Pillsbury, Crusty French Loaf, refrigerated dough",173261,243,2.88,8.59,46.4,"Recipe wants baked bread; USDA record is raw refrigerated dough (wrong state, macros/density differ).",fail,0.33,
NO,crusty sourdough loaf,"Pillsbury, Crusty French Loaf, refrigerated dough",173261,243,2.88,8.59,46.4,"Recipe wants baked sourdough bread; record is raw refrigerated dough—wrong state, macros/density off.",fail,0.33,
NO,fresh mozzarella,"APPLEBEE'S, mozzarella sticks",169011,316,18.4,14.9,22.9,Fresh mozzarella is plain cheese; matched to breaded/fried mozzarella sticks (22.9g carbs from breading vs ~near-zero for cheese).,fail,0.33,
NO,fresh tarragon,"Spices, tarragon, dried",170937,295,7.24,22.8,50.2,"Recipe wants fresh tarragon but record is dried; water content differs hugely, throwing off density and per-quantity macros.",fail,0.33,
NO,large shrimp,"Crustaceans, shrimp, cooked",175180,99,0.28,24,0.2,Recipe 'large shrimp' means raw/uncooked; cooked shrimp is a different state with concentrated macros (24g protein vs ~raw).,fail,0.33,
NO,marinara sauce,"OLIVE GARDEN, cheese ravioli with marinara sauce",169037,159,5.61,7.44,19.6,"Matched to a full ravioli entree dish, not plain marinara sauce; protein 7.44g/100g is far too high for sauce.",fail,0.33,
NO,peanuts,"Candies, peanut bar",169585,522,33.7,15.5,47.4,"Recipe 'peanuts' means the nut; matched to a candy bar with added sugar (47g carbs), a different food.",fail,0.33,
NO,shrimp,"Crustaceans, shrimp, cooked",175180,99,0.28,24,0.2,"Recipe 'shrimp' is typically raw when measured; cooked record is more concentrated/dehydrated, shifting per-quantity macros and density.",fail,0.33,
NO,spaghetti,"DENNY'S, spaghetti and meatballs",169845,170,8.52,7.84,15.5,"Plain spaghetti pasta matched to a prepared 'spaghetti and meatballs' dish; macros reflect sauce/meat, not pasta.",fail,0.33,
NO,white sandwich bread,"Fast foods, submarine sandwich, meatball marinara on white bread",170709,219,8.45,9.77,26,"Ingredient is plain white bread, but record is a whole meatball marinara sub sandwich—different food with meat/sauce macros.",fail,0.33,
NO,whole milk,"Cheese, mozzarella, whole milk",170845,299,22.1,22.2,2.4,"Ingredient is whole milk (liquid dairy), but matched record is mozzarella cheese — a different food with wildly different macros.",fail,0.33,
NO,whole nutmeg,"Oil, nutmeg butter",172335,884,100,0,0,"Whole nutmeg (a spice) matched to nutmeg butter oil, which is ~100% fat—a different product, not the ground/whole spice a recipe uses.",fail,0.33,
NO,thick-cut white sandwich bread,"Udi's, Gluten Free, Soft & Delicious White Sandwich Bread",167598,298,8.02,5.4,51.2,"Gluten-free bread has very different macros (8g fat, 51g carbs) than standard white sandwich bread (~3g fat, ~49g carbs); wrong subtype.",fail,0.38,
NO,beef broth,"Soup, beef broth, cubed, dry",171561,170,4,17.3,16.1,"Recipe 'beef broth' is a liquid (~10-15 cal/100g); matched record is a dry cube concentrate with 170 cal/100g—wrong state, macros/density way off.",fail,0.4,
NO,chicken breast,"Chicken breast tenders, breaded, uncooked",171515,263,15.8,14.7,15,"Recipe 'chicken breast' means plain meat; matched record is breaded (15g carbs, high fat) — wrong food/state, macros off.",pass,0.4,
NO,green onion,"Onions, young green, tops only",170006,27,0.47,0.97,5.74,"Recipe 'green onion' uses whole scallions (white+green), but this record is tops only, a different portion with different macros.",pass,0.4,
NO,rotisserie chicken,"Chicken, broiler, rotisserie, BBQ, skin",171524,378,35.2,15.2,0.7,"Macros show ~35g fat / 15g protein, a skin-on BBQ variant; recipe rotisserie chicken is typically leaner/mixed, and this specific record's fat-heavy profile misrepresents it.",pass,0.4,
NO,russet potatoes,"Potatoes, Russet, flesh and skin, baked",170030,95,0.13,2.63,21.4,"Recipe russet potatoes are used raw/uncooked; USDA record is baked, changing density and per-quantity macros",pass,0.4,
NO,beef strip steak,"Beef, grass-fed, strip steaks, lean only, raw",169429,117,2.69,23.1,0,"Recipe steak includes fat; USDA record is 'lean only' (2.69g fat), understating fat macros.",pass,0.43,
NO,boneless pork shoulder,"Pork, Shoulder breast, boneless, separable lean and fat, raw",169187,127,3.4,22.5,0,"Recipe wants pork shoulder (butt/picnic, fatty ~15-20g fat/100g); matched record is 'shoulder breast' lean cut at only 3.4g fat—wrong cut, macros far off.",pass,0.43,
NO,apples,"Croissants, apple",174988,254,8.7,7.4,37.1,"Recipe wants raw apples, but matched record is a pastry (croissant) with high fat/protein, a different food.",fail,0.5,
NO,avocado,"Oil, avocado",173573,884,100,0,0,"Recipe 'avocado' is the fruit; matched record is avocado OIL (100% fat, 0 protein/carbs).",fail,0.5,
NO,bacon,"Bacon, meatless",172439,309,29.5,11.7,5.31,"Recipe 'bacon' means pork bacon, but record is a meatless vegetarian substitute — different food.",pass,0.5,
NO,black beans,"Beans, black, mature seeds, raw",173734,341,1.42,21.6,62.4,Recipe 'black beans' typically means cooked/canned; raw dry beans have ~3x the per-100g macros and different density.,pass,0.5,
NO,carrot,"Carrot, dehydrated",170500,341,1.49,8.1,79.6,"Recipe 'carrot' means fresh/raw (~41 kcal, ~10g carbs, ~88% water); dehydrated carrot at 341 kcal is wrong state, off by ~8x on macros/density.",fail,0.5,
NO,carrots,"Carrot, dehydrated",170500,341,1.49,8.1,79.6,"Recipe 'carrots' means raw/fresh (~41 kcal, ~10g carbs, ~88% water); dehydrated carrot at 341 kcal is the wrong state with wildly different macros and density.",fail,0.5,
NO,chicken broth,"Chicken, canned, no broth",171110,185,8.1,25.3,0.9,"Record is solid canned chicken meat (185 kcal, 8g fat, 25g protein), not liquid broth — different food, wrong macros/density.",pass,0.5,
NO,chicken drumstick,"Chicken, skin (drumsticks and thighs), raw",172855,440,44.2,9.58,0.79,"Record is chicken skin only (~44g fat, 9g protein), not the drumstick meat a recipe would use.",pass,0.5,
NO,chicken drumsticks,"Chicken, skin (drumsticks and thighs), raw",172855,440,44.2,9.58,0.79,"Record is chicken skin only (~100% fat), not the meat of a drumstick; macros far too fatty and protein-poor.",pass,0.5,
NO,chicken thighs,"Chicken, skin (drumsticks and thighs), raw",172855,440,44.2,9.58,0.79,"Record is chicken SKIN only (~44g fat, low protein), not chicken thigh meat; macros clearly wrong.",pass,0.5,
NO,cooked ham,"Ham, honey, smoked, cooked",174611,122,2.37,17.9,7.27,"Honey ham has added sugar (7.27g carbs); plain cooked ham is ~0 carbs, so macros differ meaningfully.",pass,0.5,
NO,frozen peas,"Peas and carrots, frozen, unprepared",170425,53,0.47,3.4,11.2,Recipe wants plain peas but record is 'Peas and carrots'—a different mixed food.,pass,0.5,
NO,olive oil spray,"Oil, olive, salad or cooking",171413,884,100,0,0,Spray oil is used in tiny per-serving amounts; matching to bulk 100% fat oil misrepresents actual macro contribution per use.,pass,0.5,
NO,orange,"Marmalade, orange",168819,246,0,0.3,66.3,"Recipe 'orange' means the raw fruit, but matched record is marmalade (sugary preserve) with ~66g carbs vs ~12g for raw orange.",fail,0.5,
NO,oranges,"Marmalade, orange",168819,246,0,0.3,66.3,"Recipe 'oranges' means raw fruit, but marmalade is a sugary processed preserve with ~246 kcal and 66g carbs vs raw orange's ~47 kcal.",fail,0.5,
NO,quinoa,"Quinoa, cooked",168917,120,1.92,4.4,21.3,"Recipe 'quinoa' means dry grain, but record is cooked (water-diluted macros/density are wrong).",pass,0.5,
NO,ripe avocado,"Oil, avocado",173573,884,100,0,0,"Avocado oil (100% fat, 884 kcal) is a different food than a whole ripe avocado; this is the explicit example.",fail,0.5,
NO,small potato,"Bread, potato",167943,266,3.13,12.5,47.1,"A recipe's 'small potato' is a raw tuber, but the record is potato BREAD—a different processed food with far higher calories/protein/fat.",fail,0.5,
NO,tomato,Tomato powder,170461,302,0.44,12.9,74.7,"Recipe 'tomato' means fresh (~18 kcal/100g, ~95% water); powder is dehydrated with vastly different macros and density.",fail,0.5,
NO,tomatoes,Tomato powder,170461,302,0.44,12.9,74.7,"Recipe 'tomatoes' means fresh/whole (~18 kcal/100g, ~95% water); tomato powder is dehydrated with vastly different density and macros.",fail,0.5,
NO,water,"Water convolvulus,raw",169301,19,0.2,2.6,3.13,"Water convolvulus is a leafy vegetable (kangkong), not plain water which has zero macros.",pass,0.5,
NO,long grain white rice,"Rice, white, long-grain, parboiled, enriched, cooked",169708,123,0.37,2.91,26,"Recipe rice means dry; matched record is cooked (parboiled), ~123 cal/100g reflects water weight, wrong density and per-quantity macros.",pass,0.57,
NO,long-grain white rice,"Rice, white, long-grain, parboiled, enriched, cooked",169708,123,0.37,2.91,26,Recipe 'long-grain white rice' means dry; matched USDA record is cooked (macros ~123 cal/100g reflect water-heavy state).,pass,0.57,
NO,canned black beans,"Soup, black bean, canned, condensed",171141,91,1.32,4.83,15.4,"Record is black bean SOUP (condensed), not the beans themselves; macros differ substantially.",fail,0.6,
NO,lean ground beef,"Beef, ground, 70% lean meat / 30% fat, raw",168652,332,30,14.4,0,"Recipe 'lean' ground beef vs USDA 70/30 (fattiest, 30g fat) mismatches fat macro significantly.",pass,0.6,
NO,brown rice,"Flour, rice, brown",1104812,365,3.85,7.19,75.5,"Recipe 'brown rice' means whole rice grains, but record is brown rice FLOUR — different form with different density/behavior.",fail,0.67,
NO,ground turkey,"Turkey, Ground, cooked",171506,203,10.4,27.4,0,"Recipe 'ground turkey' means raw; USDA record is cooked, so per-gram macros and density are off.",pass,0.67,
NO,orange juice,"Babyfood, juice, orange",171354,45,0.3,0.6,10.2,Babyfood orange juice is a different product than plain orange juice a recipe would use.,fail,0.67,
NO,rice noodles,"Rice noodles, cooked",168914,108,0.2,1.79,24,Recipes name 'rice noodles' as dry weight; USDA 'cooked' row is water-laden with wrong density and per-quantity macros.,pass,0.67,
NO,sweet potato,"Sweet potato leaves, raw",169303,42,0.51,2.49,8.82,"Recipe means the tuber, but record is the plant's leaves — a different food.",pass,0.67,
NO,wild rice,"Wild rice, cooked",168897,101,0.34,3.99,21.3,Recipe 'wild rice' means dry; matched to cooked record with water-diluted macros.,pass,0.67,
NO,lime zest,"Limes, raw",168155,30,0.2,0.7,10.5,"Zest is the flavorful outer peel, not whole raw limes; different food part with different macros/density.",pass,1,
UNSURE,american cheese,(FDC record not returned),747429,375,31.1,17.5,6.35,FDC description unavailable,fail,0,
UNSURE,beef hot dogs,(FDC record not returned),323121,314,28,11.7,2.89,FDC description unavailable,fail,0,
UNSURE,broccoli,(FDC record not returned),747447,31,0.34,2.57,6.27,FDC description unavailable,fail,0,
UNSURE,canned diced tomatoes,(FDC record not returned),333281,18,0.5,0.84,3.32,FDC description unavailable,fail,0,
UNSURE,cheddar,(FDC record not returned),328637,408,34,23.3,2.44,FDC description unavailable,fail,0,
UNSURE,cheddar cheese,(FDC record not returned),328637,408,34,23.3,2.44,FDC description unavailable,fail,0,
UNSURE,cherry tomato,(FDC record not returned),321360,27,0.63,0.83,5.51,FDC description unavailable,fail,0,
UNSURE,diced tomatoes,(FDC record not returned),333281,18,0.5,0.84,3.32,FDC description unavailable,fail,0,
UNSURE,dill pickle,(FDC record not returned),324653,12,0.43,0.48,1.99,FDC description unavailable,fail,0,
UNSURE,dill pickle chips,(FDC record not returned),324653,12,0.43,0.48,1.99,FDC description unavailable,fail,0,
UNSURE,dill pickle slices,(FDC record not returned),324653,12,0.43,0.48,1.99,FDC description unavailable,fail,0,
UNSURE,egg,(FDC record not returned),747997,55,0,10.7,2.36,FDC description unavailable,fail,0,
UNSURE,eggs,(FDC record not returned),747997,55,0,10.7,2.36,FDC description unavailable,fail,0,
UNSURE,jarred salsa,(FDC record not returned),746777,29,0.19,1.44,6.74,FDC description unavailable,fail,0,
UNSURE,large egg,(FDC record not returned),747997,55,0,10.7,2.36,FDC description unavailable,fail,0,
UNSURE,large eggs,(FDC record not returned),747997,55,0,10.7,2.36,FDC description unavailable,fail,0,
UNSURE,low-moisture mozzarella,(FDC record not returned),329370,298,20.4,23.7,4.44,FDC description unavailable,fail,0,
UNSURE,low-moisture mozzarella cheese,(FDC record not returned),329370,298,20.4,23.7,4.44,FDC description unavailable,fail,0,
UNSURE,mild salsa,(FDC record not returned),746777,29,0.19,1.44,6.74,FDC description unavailable,fail,0,
UNSURE,salsa roja,(FDC record not returned),746777,29,0.19,1.44,6.74,FDC description unavailable,fail,0,
UNSURE,shredded cheddar cheese,(FDC record not returned),328637,408,34,23.3,2.44,FDC description unavailable,fail,0,
UNSURE,swiss cheese,(FDC record not returned),746767,393,31,27,1.44,FDC description unavailable,fail,0,
UNSURE,whole milk ricotta cheese,(FDC record not returned),746766,157,11,7.81,6.86,FDC description unavailable,fail,0,
UNSURE,whole-milk ricotta,(FDC record not returned),746766,157,11,7.81,6.86,FDC description unavailable,fail,0,
UNSURE,whole-milk ricotta cheese,(FDC record not returned),746766,157,11,7.81,6.86,FDC description unavailable,fail,0,
UNSURE,yellow mustard,(FDC record not returned),326698,61,3.38,4.25,5.3,FDC description unavailable,fail,0,
YES,tahini,"Seeds, sesame butter, tahini, type of kernels unspecified",168604,592,53,17.4,21.5,Tahini matched to sesame butter (tahini); macros fit as recipes use it.,fail,0.14,
YES,beef sirloin,"Beef, top sirloin, steak, separable lean and fat, trimmed to 0"" fat, choice, cooked, broiled",169458,219,10.5,29,0,Beef top sirloin cooked matches beef sirloin ingredient; macros are consistent with lean cooked beef.,pass,0.17,
YES,scallions,"Onions, spring or scallions (includes tops and bulb), raw",170005,32,0.19,1.83,7.34,Scallions are exactly spring onions/scallions; macros consistent with raw vegetable.,fail,0.17,
YES,skirt steak,"Beef, plate steak, boneless, inside skirt, separable lean and fat, trimmed to 0"" fat, choice, raw",172159,195,12.8,20.1,0,Skirt steak is exactly the inside skirt plate steak; raw state and macros match.,fail,0.17,
YES,tomato paste,"Tomato products, canned, paste, without salt added (Includes foods for USDA's Food Distribution Program)",170459,82,0.47,4.32,18.9,Correct food and state; tomato paste macros match USDA canned paste.,pass,0.17,
YES,bean sprouts,"Mung beans, mature seeds, sprouted, raw",169957,30,0.18,3.04,5.94,"Bean sprouts commonly means mung bean sprouts, raw; macros match.",pass,0.2,
YES,fajita seasoning,"Seasoning mix, dry, taco, original",172243,322,0,4.5,58,Taco seasoning is a close analog to fajita seasoning; both are dry spice/salt blends with near-identical macro profiles.,pass,0.2,
YES,lager beer,"Alcoholic beverage, beer, regular, all",168746,43,0,0.46,3.55,Lager is a regular beer; USDA regular beer macros match the intended use.,fail,0.2,
YES,san marzano tomatoes,"Tomatoes, red, ripe, canned, packed in tomato juice",170051,16,0.25,0.79,3.47,San Marzano tomatoes are canned red ripe tomatoes; macros match a usable state.,fail,0.2,
YES,flank steak,"Beef, flank, steak, separable lean and fat, trimmed to 0"" fat, choice, raw",169433,165,8.29,21.2,0,"Beef flank steak, raw, correct cut and state; macros consistent with lean beef.",fail,0.22,
YES,red grapes,"Grapes, red or green (European type, such as Thompson seedless), raw",174683,69,0.16,0.72,18.1,Red grapes raw match the USDA grape record; macros are consistent.,pass,0.22,
YES,beef sirloin steak tips,"Beef, loin, bottom sirloin butt, tri-tip steak, separable lean and fat, trimmed to 0"" fat, all grades, cooked, broiled",174024,265,15.2,30,0,"Both are beef sirloin steak, cooked; tri-tip is a sirloin cut with reasonable macros for recipe use.",pass,0.24,
YES,bratwurst sausage,"Bratwurst, pork, beef, link",171622,323,27.8,14.3,2.98,Bratwurst link matches bratwurst sausage; macros consistent with cooked/raw pork-beef sausage.,pass,0.25,
YES,brioche hamburger bun,"Rolls, hamburger or hotdog, plain",172796,279,3.91,9.77,50.1,Brioche bun is a hamburger bun; generic plain bun macros are a reasonable usable match.,fail,0.25,
YES,flatbread,"Focaccia, Italian flatbread, plain",167945,249,7.89,8.77,35.8,Focaccia is a specific flatbread; macros are reasonable for a bread and it's a usable direct substitute for recipe 'flatbread'.,fail,0.25,
YES,pickled jalapeño,"Peppers, hot pickled, canned",169766,22,0.4,0.8,4.56,"Pickled jalapeño is a hot pickled canned pepper; matching food and state, macros consistent.",fail,0.25,
YES,pickled jalapeño slices,"Peppers, hot pickled, canned",169766,22,0.4,0.8,4.56,Pickled hot peppers (jalapeños) canned; matches ingredient in usable state with plausible macros,fail,0.25,
YES,boneless lamb shoulder,"Lamb, New Zealand, imported, netted shoulder, rolled, boneless, separable lean and fat, raw",174464,252,20.4,16.9,0.2,"Boneless lamb shoulder, raw lean and fat; macros consistent with fatty lamb cut.",pass,0.27,
YES,pork tenderloin,"HORMEL ALWAYS TENDER, Pork Tenderloin, Peppercorn-Flavored",168317,110,3.8,17.2,1.82,"Branded pork tenderloin; macros match lean raw pork tenderloin, peppercorn flavoring is negligible.",fail,0.29,
YES,angel hair pasta,"Pasta, dry, enriched",169736,371,1.51,13,74.7,"Angel hair is a dry pasta shape; 'Pasta, dry, enriched' matches food and state with consistent macros.",pass,0.33,
YES,bay leaves,"Spices, bay leaf",170917,313,8.36,7.61,75,Dried bay leaf spice matches recipe usage; macros consistent with dried herb.,fail,0.33,
YES,broccoli floret,"Broccoli, flower clusters, raw",169330,28,0.35,2.98,5.06,"Broccoli flower clusters = florets, raw; macros match fresh broccoli.",pass,0.33,
YES,cilantro,"Coriander (cilantro) leaves, raw",169997,23,0.52,2.13,3.67,Cilantro matched to coriander leaves raw; macros fit fresh herb leaves.,pass,0.33,
YES,edamame,"Edamame, frozen, prepared",168411,121,5.2,11.9,8.91,Edamame matched to prepared edamame; macros are consistent with the food as used.,pass,0.33,
YES,fresh cilantro,"Coriander (cilantro) leaves, raw",169997,23,0.52,2.13,3.67,Cilantro/coriander leaves raw match exactly; macros consistent with leafy herb,pass,0.33,
YES,freshly grated nutmeg,"Spices, nutmeg, ground",171326,525,36.3,5.84,49.3,Freshly grated nutmeg is the same spice as ground nutmeg; grating vs pre-ground doesn't meaningfully change macros or density.,fail,0.33,
YES,frozen waffles,"Waffles, buttermilk, frozen, ready-to-heat",167516,273,9.22,6.58,41,Same food (frozen ready-to-heat waffles); buttermilk variety is negligible for macros.,pass,0.33,
YES,ground coriander,"Spices, coriander seed",170922,298,17.8,12.4,55,"Ground coriander is just milled coriander seed; same food, macros consistent with the spice.",fail,0.33,
YES,ground cumin,"Spices, cumin seed",170923,375,22.3,17.8,44.2,Ground cumin is just cumin seed ground; macros unchanged by grinding.,fail,0.33,
YES,jumbo pasta shells,"Pasta, dry, enriched",169736,371,1.51,13,74.7,Jumbo pasta shells are dry enriched pasta; macros match dry pasta correctly.,pass,0.33,
YES,lettuce,"Lettuce, cos or romaine, raw",169247,17,0.3,1.23,3.29,"Romaine is a common lettuce variety, raw state matches recipe use; macros consistent with leafy greens",pass,0.33,
YES,low-sodium beef broth,"Soup, beef broth, less/reduced sodium, ready to serve",172889,6,0.07,1.14,0.2,Reduced-sodium beef broth ready-to-serve matches the ingredient; macros consistent with a broth.,fail,0.33,
YES,orzo pasta,"Pasta, dry, enriched",169736,371,1.51,13,74.7,Orzo is a dry pasta; enriched dry pasta macros match how a recipe uses it.,pass,0.33,
YES,parmesan,"Cheese, parmesan, grated",171247,420,27.8,28.4,13.9,Recipe parmesan matches grated parmesan; macros consistent with parmesan cheese.,fail,0.33,
YES,penne pasta,"Pasta, dry, enriched",169736,371,1.51,13,74.7,"Penne is a pasta shape; dry enriched pasta matches how recipes use it, macros consistent with dry pasta.",pass,0.33,
YES,roasted cashews,"Nuts, cashew nuts, dry roasted, with salt added",169421,574,46.4,15.3,32.7,Dry roasted cashews match roasted cashews; macros consistent with nuts.,fail,0.33,
YES,salmon fillet,"Fish, salmon, chinook, raw",173688,179,10.4,19.9,0,"Salmon fillet matched to raw chinook salmon; same food in usable raw state, macros plausible.",fail,0.33,
YES,salmon fillets,"Fish, salmon, chinook, raw",173688,179,10.4,19.9,0,Raw salmon (chinook species) matches recipe's raw salmon fillets; macros are plausible for salmon.,fail,0.33,
YES,salsa verde,"Sauce, salsa, verde, ready-to-serve",171824,38,0.89,1.13,6.36,Salsa verde matched to ready-to-serve salsa verde sauce; macros consistent with a tomatillo-based sauce.,fail,0.33,
YES,zucchini,"Squash, zucchini, baby, raw",168565,21,0.4,2.71,3.11,"Baby zucchini is the same food as zucchini, raw; macros match a low-cal squash.",fail,0.33,
YES,bone-in pork chops,"Pork, fresh, loin, center loin (chops), bone-in, separable lean and fat, raw",168238,170,9.03,20.7,0,"Same food (bone-in pork loin chops, raw); macros consistent with lean-and-fat raw pork.",pass,0.38,
YES,corn on the cob,"Corn, sweet, white, frozen, kernels on cob, unprepared",169365,98,0.78,3.28,23.5,"Corn on cob matched to sweet corn kernels on cob; macros consistent with corn, usable state.",pass,0.38,
YES,deli turkey breast,"Turkey breast, low salt, prepackaged or deli, luncheon meat",174572,109,0.83,21.8,3.51,Deli turkey breast matches prepackaged/deli turkey luncheon meat; macros consistent with lean deli turkey.,pass,0.38,
YES,fresh corn on the cob,"Corn, sweet, white, frozen, kernels on cob, unprepared",169365,98,0.78,3.28,23.5,"Corn on the cob, kernels; frozen vs fresh raw is negligible for macros/density and state is usable.",pass,0.38,
YES,80/20 ground beef,"Beef, ground, 80% lean meat / 20% fat, raw",174036,254,20,17.2,0,"Exact match: 80/20 ground beef, raw; macros consistent with 20% fat beef.",pass,0.4,
YES,beef stock,"Soup, stock, beef, home-prepared",172883,13,0.09,1.97,1.2,Beef stock matched to home-prepared beef stock; low-cal watery macros fit a stock exactly.,fail,0.4,
YES,bone-in pork shoulder,"Pork, fresh, shoulder, whole, separable lean and fat, raw",167843,236,18,17.2,0,"Same food (pork shoulder, raw, lean and fat); bone-in vs whole cut doesn't change per-100g macros.",pass,0.4,
YES,chicken stock,"Soup, stock, chicken, home-prepared",172884,36,1.2,2.52,3.53,Chicken stock matched to chicken stock; macros consistent with a light stock.,fail,0.4,
YES,cooking spray,"Oil, PAM cooking spray, original",171430,792,78.7,0.26,20.7,PAM cooking spray matches 'cooking spray'; macros consistent with a spray oil product.,fail,0.4,
YES,corn tortilla,"Tortilla, blue corn, Sakwavikaviki (Hopi)",169829,276,1.4,7.83,58.1,Blue corn tortilla is a corn tortilla; macros match a dry-ish flatbread and represent usable state.,pass,0.4,
YES,corn tortillas,"Tortilla, blue corn, Sakwavikaviki (Hopi)",169829,276,1.4,7.83,58.1,Blue corn tortilla is a corn tortilla; macros match dry tortilla and color/variety doesn't move macros.,pass,0.4,
YES,crunchy chow mein noodles,"Noodles, flat, crunchy, Chinese restaurant",169735,521,31.7,10.3,51.9,Crunchy fried Chinese noodles match; fatty fried macros consistent with chow mein noodles.,pass,0.4,
YES,crusty sourdough bread,"Bread, french or vienna (includes sourdough)",172675,272,2.42,10.8,51.9,Sourdough bread matched to bread record explicitly including sourdough; macros are typical bread values.,pass,0.4,
YES,dried chipotle chile,"Peppers, hot chile, sun-dried",168570,324,5.81,10.6,69.9,Chipotle is a dried chile; sun-dried hot chile matches the food and dried state with plausible macros.,fail,0.4,
YES,dried guajillo chile,"Peppers, hot chile, sun-dried",168570,324,5.81,10.6,69.9,Guajillo is a dried chile; generic sun-dried hot chile record matches food and state with plausible macros.,fail,0.4,
YES,dry red wine,"Alcoholic beverage, wine, table, red",173190,85,0,0.07,2.61,Table red wine matches 'dry red wine'; macros are consistent with red wine.,fail,0.4,
YES,dry white wine,"Alcoholic beverage, wine, table, white",174837,82,0,0.07,2.6,White table wine matches recipe's dry white wine; macros are consistent with wine.,fail,0.4,
YES,fish sauce,"Sauce, fish, ready-to-serve",174531,35,0.01,5.06,3.64,Fish sauce matched to fish sauce ready-to-serve; macros consistent with the condiment.,pass,0.4,
YES,ground beef (80/20),"Beef, ground, 80% lean meat / 20% fat, raw",174036,254,20,17.2,0,"Exact match: 80/20 ground beef raw, macros consistent with fatty raw beef.",pass,0.4,
YES,ground beef (90/10),"Beef, ground, 90% lean meat / 10% fat, raw",174030,176,10,20,0,"Exact match: 90/10 raw ground beef, macros consistent",pass,0.4,
YES,hot dog buns,"Rolls, hamburger or hot dog, whole wheat",174090,269,4.38,12.4,44.9,"Hot dog buns matched to hot dog rolls (whole wheat variant); same food, usable state, macros plausible for bread.",fail,0.4,
YES,iceberg lettuce,"Lettuce, iceberg (includes crisphead types), raw",169248,14,0.14,0.9,2.97,"Same food, raw state; macros match iceberg lettuce.",pass,0.4,
YES,neutral cooking spray,"Oil, PAM cooking spray, original",171430,792,78.7,0.26,20.7,Cooking spray matched to cooking spray; oil-based ~100% fat macros are correct for the product.,fail,0.4,
YES,pumpkin seeds,"Seeds, pumpkin and squash seed kernels, dried",170556,559,49,30.2,10.7,"Pumpkin seed kernels, dried; macros match typical pepitas as recipes use them.",fail,0.4,
YES,russet potato,"Potatoes, Russet, flesh and skin, baked",170030,95,0.13,2.63,21.4,Russet potato matched to baked russet; macros consistent with cooked potato and usable state for a recipe.,pass,0.4,
YES,small corn tortilla,"Tortilla, blue corn, Sakwavikaviki (Hopi)",169829,276,1.4,7.83,58.1,Blue corn tortilla is essentially the same food as a small corn tortilla; macros are typical for corn tortillas.,pass,0.4,
YES,small corn tortillas,"Tortilla, blue corn, Sakwavikaviki (Hopi)",169829,276,1.4,7.83,58.1,Blue corn tortilla is a corn tortilla; color variety doesn't change macros; dry-mass macros match expected tortilla profile.,pass,0.4,
YES,soy sauce,Soy sauce made from soy (tamari),174278,60,0.1,10.5,5.57,Tamari is a type of soy sauce; macros are consistent with soy sauce and usable as recipes name it.,pass,0.4,
YES,taco seasoning,"Seasoning mix, dry, taco, original",172243,322,0,4.5,58,Dry taco seasoning mix matches the recipe ingredient in the correct state; macros are plausible for a dry spice/starch blend.,pass,0.4,
YES,teriyaki sauce,"Sauce, teriyaki, ready-to-serve",171167,89,0.02,5.93,15.6,"Same food, ready-to-serve teriyaki sauce matched correctly with plausible macros.",pass,0.4,
YES,tomato sauce,"Tomato products, canned, sauce, with tomato tidbits",170463,32,0.39,1.32,7.09,Canned tomato sauce variant; macros match tomato sauce and it's the same usable food.,pass,0.4,
YES,tortilla chips,"Snacks, tortilla chips, nacho cheese",167559,519,27.4,7.36,60.8,Nacho cheese tortilla chips are a valid tortilla chip variant with reasonable chip macros; flavor difference is negligible.,fail,0.4,
YES,white wine,"Alcoholic beverage, wine, table, white",174837,82,0,0.07,2.6,White table wine matches recipe usage; macros consistent with white wine.,fail,0.4,
YES,canned kidney beans,"Beans, kidney, all types, mature seeds, canned",173741,84,0.6,5.22,14.5,Canned kidney beans matched to canned kidney beans; macros fit legumes.,pass,0.43,
YES,shredded mozzarella cheese,"Cheese, mozzarella, low moisture, part-skim, shredded",170900,304,19.7,23.6,8.06,"Same food, same state (shredded low-moisture part-skim mozzarella); macros are consistent with mozzarella.",pass,0.43,
YES,all-purpose flour,"Flour, wheat, all-purpose, enriched, bleached",789890,366,1.48,10.9,77.3,All-purpose flour matched to all-purpose wheat flour; macros are consistent with dry flour.,pass,0.5,
YES,bagels,"Bagels, egg",174901,278,2.1,10.6,53,Egg bagel is a plausible bagel variant with macros typical of bagels; usable as recipe would use bagels.,pass,0.5,
YES,boneless skinless chicken breast,"Chicken, broiler or fryers, breast, skinless, boneless, meat only, raw",171077,120,2.62,22.5,0,"Exact match: boneless skinless raw chicken breast, macros consistent with lean poultry.",pass,0.5,
YES,bread and butter pickles,"Pickles, cucumber, sweet (includes bread and butter pickles)",169378,91,0.41,0.58,21.2,USDA record explicitly includes bread and butter pickles; macros match sweet pickle profile.,pass,0.5,
YES,canned diced green chiles,"Peppers, chili, green, canned",168577,21,0.27,0.72,4.6,Canned green chiles match canned green chili peppers; macros consistent with a low-cal vegetable in usable state,fail,0.5,
YES,canned green chiles,"Peppers, chili, green, canned",168577,21,0.27,0.72,4.6,Canned green chiles match USDA canned green chili peppers; macros consistent with a low-cal vegetable.,fail,0.5,
YES,caper,"Capers, canned",172238,23,0.86,2.36,4.89,Capers in recipes are the canned/brined product; macros consistent with capers.,pass,0.5,
YES,capers,"Capers, canned",172238,23,0.86,2.36,4.89,Capers are used canned/brined; matched food and macros are consistent.,pass,0.5,
YES,cayenne pepper,"Spices, pepper, red or cayenne",170932,318,17.3,12,56.6,"Dried cayenne pepper spice; macros match ground red pepper spice, correct food and state.",fail,0.5,
YES,cotija cheese,"Cheese, mexican, queso cotija",170898,366,30,20,3.97,"Exact match: cotija cheese to USDA queso cotija, macros consistent with a firm aged cheese",pass,0.5,
YES,crushed red pepper flakes,"Spices, pepper, red or cayenne",170932,318,17.3,12,56.6,Crushed red pepper flakes are dried red/cayenne pepper spice; macros match a dried chili spice.,fail,0.5,
YES,cucumber,"Cucumber, peeled, raw",169225,10,0.16,0.59,2.16,"Peeled vs unpeeled cucumber differs negligibly in macros; same food, usable raw state.",pass,0.5,
YES,dry hard cider,"Beverages, AMBER, hard cider",174146,56,0,0,5.92,Hard cider matched to hard cider; 'amber' vs 'dry' is negligible for macros/density.,fail,0.5,
YES,feta,"Cheese, feta",173420,265,21.5,14.2,3.88,"Feta matched to Cheese, feta; macros consistent with feta cheese in usable form",fail,0.5,
YES,feta block,"Cheese, feta",173420,265,21.5,14.2,3.88,Feta block is just feta cheese; macros match a typical feta profile.,fail,0.5,
YES,flaky sea salt,"Salt, table",173468,0,0,0,0,"Salt is salt; contributes sodium not macros, so all-zero macros are correct and the state difference (flaky vs table) is negligible.",pass,0.5,
YES,french baguette,"Rolls, french",172795,277,4.3,8.6,50.2,French rolls and baguette are essentially the same lean French bread; macros match a crusty white bread.,fail,0.5,
YES,fresh dill,"Dill weed, fresh",172233,43,1.12,3.46,7.02,"Same food, same fresh state; macros match fresh dill weed.",pass,0.5,
YES,ginger,"Ginger root, raw",169231,80,0.75,1.82,17.8,"Ginger root, raw matches recipe 'ginger'; macros consistent with fresh ginger.",pass,0.5,
YES,greek yogurt or mayo,"Yogurt, Greek, plain, lowfat",170903,73,1.92,9.95,3.94,Greek yogurt matches; the 'or mayo' alternative doesn't change that this record correctly describes plain Greek yogurt as used.,pass,0.5,
YES,green beans,"Beans, snap, green, microwaved",169965,33,0.5,2.31,6.41,"Snap green beans, cooked state matches recipe use; macros consistent with green beans.",pass,0.5,
YES,ground beef,"Beef, grass-fed, ground, raw",168608,198,12.7,19.4,0,"Grass-fed ground beef, raw is the same food in usable state; macros are typical for ground beef.",pass,0.5,
YES,ground beef patties,"Beef, ground, patties, frozen, cooked, broiled",169447,295,21.8,23,0,"Same food (ground beef patties); cooked state is how a recipe uses cooked patties, macros are plausible for beef.",pass,0.5,
YES,heavy cream,"Cream, fluid, heavy whipping",170859,340,36.1,2.84,2.84,Heavy cream matches heavy whipping cream; macros (~36% fat) are consistent.,pass,0.5,
YES,hoagie roll,"Rolls, french",172795,277,4.3,8.6,50.2,A hoagie roll is a French/sub-style bread roll; macros match typical white bread rolls.,pass,0.5,
YES,hot sauce,"Sauce, hot chile, sriracha",171186,93,0.93,1.93,19.2,Sriracha is a hot sauce; macros are consistent and usable as-is.,pass,0.5,
YES,ketchup,"Ketchup, restaurant",747693,117,0.55,1.11,26.8,Restaurant ketchup matches recipe ketchup; macros are typical for ketchup.,pass,0.5,
YES,lemon zest,"Lemon peel, raw",167749,47,0.3,1.5,16,Lemon peel raw is the same food as lemon zest; macros are plausible for citrus peel.,pass,0.5,
YES,neutral cooking oil,"Oil, soybean, salad or cooking",171411,884,100,0,0,Neutral cooking oil is well-represented by soybean cooking oil; 100% fat matches.,pass,0.5,
YES,olive oil,"Oil, corn, peanut, and olive",167737,884,100,0,0,"Blended oil incl. olive is ~100% fat, macro-identical to pure olive oil; negligible difference.",pass,0.5,
YES,peanut butter,"Peanut butter, reduced sodium",169869,590,49.9,24,21.8,Reduced sodium peanut butter has same macros as regular; sodium isn't a macro.,pass,0.5,
YES,pickled banana peppers,"Peppers, hot pickled, canned",169766,22,0.4,0.8,4.56,"Pickled banana peppers are a pickled pepper; hot pickled canned peppers match food and state, macros plausible for pickled peppers.",pass,0.5,
YES,pita bread,"Bread, pita, white, enriched",174915,275,1.2,9.1,55.7,White enriched pita matches recipe use; macros are plausible for pita bread.,pass,0.5,
YES,purple cabbage,"Cabbage, red, raw",169977,31,0.16,1.43,7.37,Purple cabbage is red cabbage; raw state and macros match.,pass,0.5,
YES,ranch dressing,"Salad dressing, ranch dressing, regular",173592,430,44.5,1.32,5.9,Ranch dressing matched to regular ranch dressing; macros consistent with a fat-rich dressing.,pass,0.5,
YES,red pepper flakes,"Spices, pepper, red or cayenne",170932,318,17.3,12,56.6,Red pepper flakes are dried/crushed red (cayenne-type) chili peppers; macros match the spice form used in recipes.,fail,0.5,
YES,refried beans,"ON THE BORDER, refried beans",169032,144,5,7.3,17.5,Branded refried beans matches the ingredient; macros are plausible for refried beans.,fail,0.5,
YES,salt,"Salt, table",173468,0,0,0,0,"Salt matched to table salt; zero macros correct, sodium not a macro.",pass,0.5,
YES,sesame oil,"Oil, sesame, salad or cooking",171016,884,100,0,0,Sesame oil matched to sesame oil record; 100% fat macros are correct.,pass,0.5,
YES,sharp cheddar,"Cheese, cheddar, sharp, sliced",170899,410,33.8,24.2,2.13,"Same food; sharp cheddar (sliced form) has same macros as recipe's cheddar, values match typical cheddar.",fail,0.5,
YES,sirloin steak,"DENNY'S, top sirloin steak",167673,182,7.34,28.9,0.14,"Restaurant top sirloin steak; macros match lean beef, usable as recipe's sirloin steak",fail,0.5,
YES,smoked paprika,"Spices, paprika",171329,282,12.9,14.1,54,"Smoked paprika is paprika (smoked variant); macros match generic paprika, negligible difference.",fail,0.5,
YES,smoked sausage,"Sausage, smoked link sausage, pork",174584,309,28.2,12,0.94,Smoked pork sausage matches recipe use; macros consistent with a fatty sausage.,pass,0.5,
YES,soft dinner roll,"Andrea's, Gluten Free Soft Dinner Roll",167590,257,8.2,5.65,40.2,Gluten-free soft dinner roll is the same food (a soft dinner roll) with plausible bread macros; GF variant won't materially shift macros.,fail,0.5,
YES,sugar,"Sugar, turbinado",170674,399,0,0,99.8,Turbinado sugar is nearly pure sucrose with macros essentially identical to white sugar; negligible difference.,pass,0.5,
YES,vegetable broth,"Soup, SWANSON, vegetable broth",171180,6,0.07,0.23,1.02,Vegetable broth matched to vegetable broth; macros consistent with a thin broth.,fail,0.5,
YES,vegetable oil,"Oil, vegetable, soybean, refined",172370,884,100,0,0,Vegetable oil matched to soybean oil; ~100% fat macros are correct for cooking oil.,pass,0.5,
YES,white vinegar,"Vinegar, distilled",172237,18,0,0,0.04,Distilled vinegar is white vinegar; macros match expected near-zero profile.,pass,0.5,
YES,wide egg noodle,"Noodles, egg, dry, enriched",169731,384,4.44,14.2,71.3,"Egg noodles matched to dry enriched egg noodles; recipes name them dry, macros consistent.",pass,0.5,
YES,wide egg noodles,"Noodles, egg, dry, enriched",169731,384,4.44,14.2,71.3,"Egg noodles matched to dry enriched egg noodles; recipe uses them dry, macros consistent.",pass,0.5,
YES,yellow on-yon,"Onions, yellow, raw",790646,38,0.05,0.83,8.61,'yellow on-yon' is a misspelled yellow onion; raw yellow onion record matches with sensible veg macros.,fail,0.5,
YES,canned mild red enchilada sauce,"Sauce, enchilada, red, mild, ready to serve",174074,30,0.91,0.62,4.87,"Exact match: red mild enchilada sauce, ready to serve, with plausible sauce macros",pass,0.57,
YES,mild red enchilada sauce,"Sauce, enchilada, red, mild, ready to serve",174074,30,0.91,0.62,4.87,"Exact match: red mild enchilada sauce, ready-to-serve, macros consistent with a tomato-based sauce.",pass,0.57,
YES,shredded low-moisture mozzarella,"Cheese, mozzarella, low moisture, part-skim, shredded",170900,304,19.7,23.6,8.06,"Same food, same state (shredded low-moisture part-skim mozzarella); macros are consistent with the recipe usage.",fail,0.57,
YES,canned navy beans,"Beans, navy, mature seeds, canned",173747,113,0.43,7.53,20.4,Canned navy beans matched to canned navy beans; macros fit cooked/canned beans.,pass,0.6,
YES,canned pinto beans,"Beans, pinto, canned, drained solids",174286,114,0.9,6.99,20.2,"Same food, same state (canned, drained); macros consistent with drained pinto beans.",pass,0.6,
YES,cream of mushroom soup,"CAMPBELL'S, Cream of Mushroom Soup, condensed",172901,81,5.5,1.29,6.59,Condensed cream of mushroom soup is exactly how recipes use it; macros fit.,fail,0.6,
YES,extra-firm tofu,"Tofu, extra firm, prepared with nigari",174290,83,5.26,9.98,1.18,"Extra-firm tofu matched to extra-firm tofu; nigari coagulant is negligible, macros fit tofu.",pass,0.6,
YES,frozen corn kernels,"Corn, yellow, whole kernel, frozen, microwaved",169217,113,1.42,3.62,25.9,"Frozen corn kernels matched to frozen whole kernel corn; macros consistent with corn, cooking method (microwaved) negligible.",pass,0.6,
YES,bay leaf,"Spices, bay leaf",170917,313,8.36,7.61,75,Dried bay leaf spice matches how recipes use bay leaf; macros consistent with the dried spice.,fail,0.67,
YES,black pepper,"Spices, pepper, black",170931,251,3.26,10.4,64,Ground black pepper spice matches the recipe use; macros consistent with dried spice.,fail,0.67,
YES,celery seed,"Spices, celery seed",170920,392,25.3,18.1,41.4,Celery seed spice matches recipe usage; macros consistent with dried seed spice.,fail,0.67,
YES,chili powder,"Spices, chili powder",171319,282,14.3,13.5,49.7,Chili powder spice blend matched correctly; macros consistent with a dried spice.,fail,0.67,
YES,crushed tomatoes,"Tomatoes, crushed, canned",170501,32,0.28,1.64,7.29,"Exact match: crushed canned tomatoes with plausible tomato macros (~32 kcal, low fat, ~7g carbs).",pass,0.67,
YES,dill pickle relish,"Pickle relish, hamburger",169386,129,0.54,0.63,34.5,Hamburger pickle relish and dill pickle relish are both low-calorie pickle relishes with similar macros; negligible difference.,pass,0.67,
YES,dried ancho chile,"Peppers, ancho, dried",169396,281,8.2,11.9,51.4,Same food (dried ancho chile) in matching dried state; macros consistent with dried peppers.,fail,0.67,
YES,dried ancho chili,"Peppers, ancho, dried",169396,281,8.2,11.9,51.4,Same food (dried ancho chili) in matching dried state; macros consistent with dried peppers.,fail,0.67,
YES,dried basil,"Spices, basil, dried",171317,233,4.07,23,47.8,Dried basil spice matches recipe usage; macros consistent with dried basil.,fail,0.67,
YES,dried oregano,"Spices, oregano, dried",171328,265,4.28,9,68.9,Dried oregano matched to dried oregano spice; macros consistent.,fail,0.67,
YES,dried rosemary,"Spices, rosemary, dried",171333,331,15.2,4.88,64.1,Dried rosemary spice matches recipe usage; macros consistent with dried herb.,fail,0.67,
YES,dried thyme,"Spices, thyme, dried",170938,276,7.43,9.11,63.9,Dried thyme matched to dried thyme spice; macros consistent with dried herb.,fail,0.67,
YES,english muffins,"Muffins, English, wheat",172761,223,2,8.7,44.8,"Correct food; English muffin macros match, usable as-is in a recipe.",pass,0.67,
YES,fennel seed,"Spices, fennel seed",171323,345,14.9,15.8,52.3,Recipe fennel seed matches the whole fennel seed spice; macros consistent with dry seed.,fail,0.67,
YES,garlic powder,"Spices, garlic powder",171325,331,0.73,16.6,72.7,"Exact match: garlic powder to USDA garlic powder, macros consistent with dried spice.",fail,0.67,
YES,ground cinnamon,"Spices, cinnamon, ground",171320,247,1.24,3.99,80.6,Same food (ground cinnamon); macros match USDA spice profile.,fail,0.67,
YES,ground cloves,"Spices, cloves, ground",171321,274,13,5.97,65.5,"Exact match: ground cloves spice, correct state and macros.",fail,0.67,
YES,low-sodium chicken broth,"Soup, chicken broth, low sodium, canned",171609,16,0.6,2,1.2,"Same food: low-sodium chicken broth, ready-to-use liquid state with matching low-calorie macros.",fail,0.67,
YES,mild chili powder,"Spices, chili powder",171319,282,14.3,13.5,49.7,"Chili powder spice blend; 'mild' is just heat level, macros match the same product.",fail,0.67,
YES,onion powder,"Spices, onion powder",171327,341,1.04,10.4,79.1,Record is onion powder spice; macros consistent with dried onion powder as recipes use it.,fail,0.67,
YES,parmesan cheese,"Cheese, parmesan, grated",171247,420,27.8,28.4,13.9,Grated parmesan is exactly how recipes use parmesan cheese; macros fit hard cheese.,pass,0.67,
YES,romaine lettuce,"Lettuce, cos or romaine, raw",169247,17,0.3,1.23,3.29,"Cos/romaine is the same food, raw state matches recipe use; macros fit a leafy green",pass,0.67,
YES,sesame seeds,"Seeds, sesame seeds, whole, dried",170150,573,49.7,17.7,23.4,"Same food, dry/whole state matches recipe use; macros consistent with sesame seeds",fail,0.67,
YES,shaved parmesan cheese,"Cheese, parmesan, shredded",173431,415,27.3,37.9,3.41,Same food (parmesan); shaved vs shredded is a form difference that doesn't meaningfully change per-100g macros.,pass,0.67,
YES,sour cream,"Cream, sour, cultured",171257,198,19.4,2.44,4.63,"Exact match: cultured sour cream, macros consistent with full-fat sour cream",pass,0.67,
YES,sun-dried tomatoes in oil,"Tomatoes, sun-dried, packed in oil, drained",169384,213,14.1,5.06,23.3,"Same food, oil-packed drained state matches recipe usage; macros consistent with oil-packed sun-dried tomatoes",pass,0.67,
YES,sweet relish,"Pickle relish, sweet",168561,130,0.47,0.37,35.1,Sweet relish matches sweet pickle relish; macros consistent with sugary relish.,pass,0.67,
YES,taco shells,"Taco shells, baked",172800,476,21.8,6.41,63.5,"Same food, baked taco shells; macros consistent with a crisp corn shell as recipes use it.",pass,0.67,
YES,canned refried beans,"Refried beans, canned, vegetarian",174296,83,0.87,5.28,13.5,Same food (canned refried beans); vegetarian variant with plausible macros for how a recipe uses it.,pass,0.75,
YES,canned tomato sauce,"Tomato products, canned, sauce",170054,24,0.3,1.2,5.31,"Exact match: canned tomato sauce to USDA canned tomato sauce, macros consistent with tomato sauce.",pass,0.75,
YES,frozen mixed vegetables,"Vegetables, mixed, frozen, unprepared",170471,72,0.52,3.33,13.5,"Exact match: frozen mixed vegetables, unprepared; macros consistent with vegetables.",pass,0.75,
YES,italian pork sausage links,"Sausage, Italian, sweet, links",172952,149,8.42,16.1,2.1,Italian sweet pork sausage links match the ingredient; raw-state macros are appropriate.,pass,0.75,
YES,lean ground turkey,"Turkey, ground, 85% lean, 15% fat, raw",174493,180,12.5,16.9,0,Lean ground turkey matched to raw 85% lean ground turkey; correct food and state with plausible macros.,pass,0.75,
YES,mild italian sausage,"Sausage, Italian, pork, mild, raw",171631,290,24.3,13.9,2.97,"Same food, same raw state; macros match mild raw Italian pork sausage.",pass,0.75,
YES,plain greek yogurt,"Yogurt, Greek, plain, lowfat",170903,73,1.92,9.95,3.94,Greek plain yogurt; lowfat vs full-fat differs slightly but macros are reasonable and usable.,pass,0.75,
YES,sharp cheddar cheese,"Cheese, cheddar, sharp, sliced",170899,410,33.8,24.2,2.13,"Sharp cheddar; sliced vs block is irrelevant to per-100g macros, which match cheddar.",pass,0.75,
YES,lean ground beef meat boi,"Beef, ground, 90% lean meat / 10% fat, raw",174030,176,10,20,0,"Lean ground beef, raw matches USDA 90/10 raw ground beef; typo noise only.",pass,0.8,
YES,apple cider vinegar,"Vinegar, cider",173469,21,0,0,0.93,Cider vinegar matches apple cider vinegar; macros consistent with vinegar.,pass,1,
YES,asparagus,"Asparagus, raw",168389,20,0.12,2.2,3.88,Raw asparagus matches recipe usage; macros consistent with the vegetable.,pass,1,
YES,baby carrot,"Carrots, baby, raw",168568,35,0.13,0.64,8.24,"Same food, correct raw state; macros match baby carrots.",pass,1,
YES,balsamic vinegar,"Vinegar, balsamic",172241,88,0,0.49,17,"Same food, correct state; macros match balsamic vinegar.",pass,1,
YES,barbecue sauce,"Sauce, barbecue",174523,172,0.63,0.82,40.8,"Exact match: 'Sauce, barbecue' with plausible BBQ sauce macros (high sugar/carbs, low fat/protein)",pass,1,
YES,beets,"Beets, raw",169145,43,0.17,1.61,9.56,"Beets, raw matches the ingredient; macros consistent with raw beets.",pass,1,
YES,blueberries,"Blueberries, raw",171711,57,0.33,0.74,14.5,Raw blueberries match the recipe use; macros are consistent with fresh blueberries.,pass,1,
YES,brown sugar,"Sugars, brown",168833,380,0,0.12,98.1,"Brown sugar matched to 'Sugars, brown' with sensible macros (~380 cal, ~98g carbs); same food, usable state.",pass,1,
YES,celery,"Celery, raw",169988,14,0.17,0.69,2.97,"Celery, raw matches recipe celery; macros consistent with raw celery.",pass,1,
YES,corn tostada shells,"Tostada shells, corn",167525,474,23.4,6.15,64.4,"Exact food match (corn tostada shells), macros consistent with fried corn shells.",pass,1,
YES,cornstarch,Cornstarch,169698,381,0.05,0.26,91.3,"Cornstarch matched to Cornstarch; macros (~91g carbs, near-zero fat/protein) fit dry cornstarch used in recipes.",pass,1,
YES,cream cheese,"Cheese, cream",173418,350,34.4,6.15,5.52,"Cream cheese matches 'Cheese, cream'; macros (~34g fat, high cal, low protein/carbs) fit.",pass,1,
YES,feta cheese,"Cheese, feta",173420,265,21.5,14.2,3.88,"Same food, correct state; macros match feta cheese.",pass,1,
YES,flat-leaf parsley,"Parsley, fresh",170416,36,0.79,2.97,6.33,Flat-leaf parsley is a variety of fresh parsley; macros match raw parsley.,pass,1,
YES,fresh basil,"Basil, fresh",172232,23,0.64,3.15,2.65,"Same food, correct fresh state; macros match fresh basil herb.",pass,1,
YES,fresh chive,"Chives, raw",169994,30,0.73,3.27,4.35,"Chives, raw matches fresh chive; macros consistent with the herb.",pass,1,
YES,fresh chives,"Chives, raw",169994,30,0.73,3.27,4.35,"Fresh chives matches 'Chives, raw'; macros consistent with the herb.",pass,1,
YES,fresh flat-leaf parsley,"Parsley, fresh",170416,36,0.79,2.97,6.33,"Flat-leaf parsley is fresh parsley; macros match fresh parsley (36 kcal, low fat, moderate carbs).",pass,1,
YES,fresh lemon juice,"Lemon juice, raw",167747,22,0.24,0.35,6.9,"Lemon juice, raw matches fresh lemon juice; macros consistent with lemon juice",pass,1,
YES,fresh lime,"Limes, raw",168155,30,0.2,0.7,10.5,"Fresh lime matches Limes, raw; macros fit citrus fruit.",pass,1,
YES,fresh lime juice,"Lime juice, raw",168156,25,0.07,0.42,8.42,"Lime juice, raw matches fresh lime juice; macros consistent with citrus juice.",pass,1,
YES,fresh parsley,"Parsley, fresh",170416,36,0.79,2.97,6.33,"Same food, fresh raw state; macros match parsley.",pass,1,
YES,fresh rosemary,"Rosemary, fresh",173473,131,5.86,3.31,20.7,"Same food, fresh state; macros match fresh rosemary.",pass,1,
YES,fresh thyme,"Thyme, fresh",173470,101,1.68,5.56,24.4,Fresh thyme matched to fresh thyme; macros consistent with fresh herb.,pass,1,
YES,garlic,"Garlic, raw",1104647,143,0.38,6.62,28.2,"Garlic, raw matches recipe garlic; macros consistent with raw garlic.",pass,1,
YES,granulated sugar,"Sugars, granulated",746784,385,0.32,0,99.6,"Same food, correct state; macros match pure sugar (~100% carbs, ~0 protein/fat).",pass,1,
YES,grated parmesan cheese,"Cheese, parmesan, grated",171247,420,27.8,28.4,13.9,Same food and state; grated parmesan macros match expected values.,pass,1,
YES,green leaf lettuce,"Lettuce, green leaf, raw",169249,15,0.15,1.36,2.87,"Exact match: green leaf lettuce raw, macros consistent with leafy vegetable.",pass,1,
YES,ground lamb,"Lamb, ground, raw",174370,282,23.4,16.6,0,"Same food, correct raw state; macros consistent with raw ground lamb.",pass,1,
YES,head of garlic,"Garlic, raw",1104647,143,0.38,6.62,28.2,Head of garlic is just multiple cloves of raw garlic; macros match raw garlic.,pass,1,
YES,honey,Honey,169640,304,0,0.3,82.4,"Honey matched to Honey; macros (304 kcal, ~82g carbs, ~0 fat/protein) fit honey exactly.",pass,1,
YES,italian bread loaf,"Bread, Italian",174913,259,2.73,9.49,48.1,"Italian bread loaf matches USDA Bread, Italian; macros consistent with bread",pass,1,
YES,kale,"Kale, raw",168421,35,1.49,2.92,4.42,"Kale, raw matches recipe kale; macros consistent with raw kale.",pass,1,
YES,lemon juice,"Lemon juice, raw",167747,22,0.24,0.35,6.9,"Lemon juice, raw matches recipe use; macros consistent with lemon juice.",pass,1,
YES,lime,"Limes, raw",168155,30,0.2,0.7,10.5,Recipe 'lime' matches whole raw limes; macros consistent with citrus fruit.,pass,1,
YES,lime juice,"Lime juice, raw",168156,25,0.07,0.42,8.42,Lime juice raw matches recipe usage; macros consistent with citrus juice,pass,1,
YES,limes,"Limes, raw",168155,30,0.2,0.7,10.5,Whole raw limes match the ingredient and macros are consistent.,pass,1,
YES,mild italian pork sausage,"Sausage, Italian, pork, mild, raw",171631,290,24.3,13.9,2.97,"Exact match: mild raw Italian pork sausage, macros consistent with raw pork sausage.",pass,1,
YES,parsley,"Parsley, fresh",170416,36,0.79,2.97,6.33,Fresh parsley matches recipe usage; macros consistent with raw parsley.,pass,1,
YES,pearl onion,"Onions, raw",170000,40,0.1,1.1,9.34,Pearl onion is a raw onion variety; macros match and size difference is negligible by weight.,pass,1,
YES,plain whole-milk greek yogurt,"Yogurt, Greek, plain, whole milk",171304,97,5,9,3.98,"Exact match: whole-milk plain Greek yogurt, macros consistent",pass,1,
YES,provolone cheese,"Cheese, provolone",170850,351,26.6,25.6,2.14,"Same food, same state; macros match typical provolone cheese values.",pass,1,
YES,radish,"Radishes, raw",169276,16,0.1,0.68,3.4,Radish raw matches recipe usage; macros consistent with fresh radish.,pass,1,
YES,red cabbage,"Cabbage, red, raw",169977,31,0.16,1.43,7.37,Red cabbage raw matches the ingredient and macros are consistent with raw cabbage.,pass,1,
YES,red onion,"Onions, red, raw",790577,44,0.1,0.94,9.93,"Same food, raw state; macros match red onion.",pass,1,
YES,red wine vinegar,"Vinegar, red wine",172240,19,0,0.04,0.27,"Exact match: red wine vinegar to Vinegar, red wine; macros consistent with vinegar.",pass,1,
YES,shallot,"Shallots, raw",170499,72,0.1,2.5,16.8,"Shallots, raw matches recipe shallot; macros consistent with raw shallot.",pass,1,
YES,shredded mexican blend cheese,"Cheese, Mexican blend",171288,384,32.1,23.5,0.13,"Same food (Mexican blend cheese, shredded); macros consistent with cheese.",pass,1,
YES,shredded mexican cheese blend,"Cheese, Mexican blend",171288,384,32.1,23.5,0.13,Shredded Mexican cheese blend matches the USDA Mexican blend cheese; macros are consistent with cheese.,pass,1,
YES,strawberries,"Strawberries, raw",167762,32,0.3,0.67,7.68,Raw strawberries match the recipe's use; macros consistent with fresh strawberries.,pass,1,
YES,strawberry,"Strawberries, raw",167762,32,0.3,0.67,7.68,Raw strawberries match the ingredient; macros are consistent.,pass,1,
YES,sweet pickle relish,"Pickle relish, sweet",168561,130,0.47,0.37,35.1,"Exact match: same food, same state; macros consistent with sweet pickle relish.",pass,1,
YES,vanilla ice cream,"Ice creams, vanilla",167575,207,11,3.5,23.6,"Same food, usable state; macros match typical vanilla ice cream.",pass,1,
YES,white onion,"Onions, white, raw",1104962,35,0.13,0.89,7.68,White onion raw matches the ingredient exactly; macros consistent with raw onion.,pass,1,
YES,worcestershire sauce,"Sauce, worcestershire",171610,77,0,0,19.2,"Same food, correct state; macros match typical worcestershire sauce.",pass,1,
YES,yellow onion,"Onions, yellow, raw",790646,38,0.05,0.83,8.61,"Same food, raw state; macros match typical raw yellow onion.",pass,1,
YES,yellow pooping onion,"Onions, yellow, raw",790646,38,0.05,0.83,8.61,"""pooping"" is an obvious typo for yellow onion; matches raw yellow onions with correct macros",pass,1,
