row_kind,reason,family,name_a,name_b,label,confidence,base_is,generic_is,yield_qty,yield_unit,co_harvestable,judge_reason,signature,straddles_processing,contradiction_detail
RESIDUE,confidence_medium,cheese,american cheese,american cheese slices,DISTINCT,medium,,,,,,Sliced deli form is a separate purchase from a block/loaf of American cheese; form is the product.,slice,false,
RESIDUE,confidence_medium,cheese,block feta cheese,feta,SYNONYM,medium,,,,,,A block is the default whole form feta is sold in; 'feta' and 'block feta cheese' are one shelf item.,block|cheese,false,
RESIDUE,confidence_medium,cheese,block feta cheese,feta cheese,SYNONYM,medium,,,,,,Block is the standard whole form of feta cheese; one purchase either way.,block,false,
RESIDUE,contradiction_flagged,cheese,cheddar cheese,sharp cheddar cheese,SUBSUMES,high,,cheddar cheese,,,,'Cheddar cheese' is the bare generic; sharp is a specific age grade of it.,sharp,false,signature [sharp] received DISTINCT + SUBSUMES — cheddar cheese ~ sharp cheddar cheese => SUBSUMES; cheddar ~ sharp cheddar => SUBSUMES; shredded cheddar cheese ~ shredded sharp cheddar cheese => DISTINCT
RESIDUE,contradiction_flagged,cheese,cheddar,sharp cheddar,SUBSUMES,high,,cheddar,,,,Bare 'cheddar' is the generic; sharp is a specific grade.,sharp,false,signature [sharp] received DISTINCT + SUBSUMES — cheddar cheese ~ sharp cheddar cheese => SUBSUMES; cheddar ~ sharp cheddar => SUBSUMES; shredded cheddar cheese ~ shredded sharp cheddar cheese => DISTINCT
RESIDUE,confidence_medium,cheese,cotija cheese,"cotija cheese, crumbled",DISTINCT,medium,,,,,,"Crumbled cotija is sold as its own tub, distinct from a whole wheel/block of cotija.",crumbled,false,
RESIDUE,confidence_medium,cheese,cotija cheese,crumbled cotija cheese,DISTINCT,medium,,,,,,Pre-crumbled cotija is a different package than the solid cheese.,crumbled,false,
RESIDUE,confidence_medium,cheese,feta,feta block,SYNONYM,medium,,,,,,A feta block is the default whole form of feta.,block,false,
RESIDUE,confidence_medium,cheese,finely grated parmesan cheese,freshly grated parmesan cheese,DISTINCT,medium,,,,,,'Finely' fixes grate size while leaving freshness open; 'freshly' fixes freshness while leaving size open — different axes.,finely|freshly,false,
RESIDUE,confidence_medium,cheese,finely grated parmesan cheese,grated parmesan,DISTINCT,medium,,,,,,Both names carry qualifiers on the grate; fine-grated powder is not the same package as standard grated parmesan.,cheese|finely,false,
RESIDUE,confidence_medium,cheese,finely grated parmesan cheese,grated parmesan cheese,DISTINCT,medium,,,,,,Fine grate versus standard grate are different products on the shelf.,finely,false,
RESIDUE,confidence_medium,cheese,finely grated parmesan cheese,parmesan,DISTINCT,medium,,,,,,A wedge of parmesan is not finely grated parmesan; the grate is the product.,cheese|finely|grated,true,
RESIDUE,confidence_medium,cheese,finely grated parmesan cheese,parmesan cheese,DISTINCT,medium,,,,,,Block parmesan cheese versus a finely grated product; separate purchases.,finely|grated,true,
RESIDUE,confidence_medium,cheese,finely grated parmesan,freshly grated parmesan,DISTINCT,medium,,,,,,"'Finely' fixes grate size, 'freshly' fixes freshness — independent axes, neither covers the other.",finely|freshly,false,
RESIDUE,confidence_medium,cheese,finely grated parmesan,grated parmesan,DISTINCT,medium,,,,,,Both qualified on grate; fine grate is a different product from standard grated parmesan.,finely,false,
RESIDUE,confidence_medium,cheese,finely grated parmesan,parmesan,DISTINCT,medium,,,,,,Bare parmesan is a wedge; finely grated parmesan is a different purchase.,finely|grated,true,
RESIDUE,contradiction_flagged,cheese,fresh mozzarella cheese,mozzarella cheese,SUBSUMES,high,,mozzarella cheese,,,,Bare 'mozzarella cheese' is the generic; fresh (water-packed) mozzarella is one specific kind.,fresh,true,"same base, prep difference, received DISTINCT + SUBSUMES — fresh mozzarella cheese ~ mozzarella cheese [fresh] => SUBSUMES; mozzarella cheese ~ shredded mozzarella cheese [shredded] => DISTINCT"
RESIDUE,confidence_medium,cheese,freshly grated parmesan cheese,grated parmesan,DISTINCT,medium,,,,,,'Freshly grated' implies grating from a wedge; 'grated parmesan' can be the pre-grated tub — different purchases.,cheese|freshly,false,
RESIDUE,confidence_medium,cheese,freshly grated parmesan cheese,grated parmesan cheese,DISTINCT,medium,,,,,,"Freshly grated versus pre-grated packaged parmesan; both names qualified, different items.",freshly,false,
RESIDUE,confidence_medium,cheese,freshly grated parmesan cheese,parmesan,DISTINCT,medium,,,,,,Bare parmesan wedge is not the grated product; grate is the product.,cheese|freshly|grated,true,
RESIDUE,confidence_medium,cheese,freshly grated parmesan cheese,parmesan cheese,DISTINCT,medium,,,,,,Block parmesan cheese versus grated parmesan; separate catalog items.,freshly|grated,true,
RESIDUE,confidence_medium,cheese,freshly grated parmesan,grated parmesan,DISTINCT,medium,,,,,,"Freshly grated versus generic grated parmesan; both qualified, not the same package.",freshly,false,
RESIDUE,confidence_medium,cheese,freshly grated parmesan,parmesan,DISTINCT,medium,,,,,,Bare parmesan is the wedge; the grated form is a different product line.,freshly|grated,true,
RESIDUE,confidence_medium,cheese,grated parmesan cheese,parmesan,DISTINCT,medium,,,,,,Grated parmesan versus a solid wedge of parmesan; form is the product.,cheese|grated,true,
RESIDUE,confidence_medium,cheese,grated parmesan cheese,parmesan cheese,DISTINCT,medium,,,,,,Grated tub versus block parmesan cheese; separate purchases.,grated,true,
RESIDUE,confidence_medium,cheese,grated parmesan,parmesan,DISTINCT,medium,,,,,,Grated parmesan versus the whole wedge; different products.,grated,true,
RESIDUE,confidence_medium,cheese,grated pecorino romano,pecorino romano,DISTINCT,medium,,,,,,Grated pecorino is a different package than a wedge of pecorino romano.,grated,true,
RESIDUE,contradiction_flagged,cheese,low-moisture mozzarella cheese,mozzarella cheese,SUBSUMES,high,,mozzarella cheese,,,,Bare 'mozzarella cheese' is generic; low-moisture is a specific kind.,low|moisture,false,signature [low|moisture] received DISTINCT + SUBSUMES — low-moisture mozzarella cheese ~ mozzarella cheese => SUBSUMES; low-moisture whole-milk mozzarella ~ whole milk mozzarella => DISTINCT; low-moisture whole-milk mozzarella ~ whole-milk mozzarella => DISTINCT; shredded low-moisture mozzarella cheese ~ shredded mozzarella cheese => DISTINCT; shredded low-moisture whole-milk mozzarella ~ shredded whole-milk mozzarella => DISTINCT; whole milk mozzarella ~ whole-milk low-moisture mozzarella => DISTINCT; whole-milk low-moisture mozzarella ~ whole-milk mozzarella => DISTINCT
RESIDUE,confidence_medium,cheese,low-moisture mozzarella,low-moisture whole-milk mozzarella,DISTINCT,medium,,,,,,Both names carry qualifiers; whole-milk versus unspecified-fat low-moisture mozzarella are different packages (part-skim is the common default).,milk|whole,true,
RESIDUE,confidence_medium,cheese,low-moisture mozzarella,whole-milk low-moisture mozzarella,DISTINCT,medium,,,,,,"Whole-milk is a further specification; both names qualified, different packages.",milk|whole,true,
RESIDUE,contradiction_flagged,cheese,low-moisture whole-milk mozzarella,whole milk mozzarella,DISTINCT,medium,,,,,,"Both qualified: one fixes moisture and milkfat, the other only milkfat and could be fresh mozzarella.",low|moisture,false,signature [low|moisture] received DISTINCT + SUBSUMES — low-moisture mozzarella cheese ~ mozzarella cheese => SUBSUMES; low-moisture whole-milk mozzarella ~ whole milk mozzarella => DISTINCT; low-moisture whole-milk mozzarella ~ whole-milk mozzarella => DISTINCT; shredded low-moisture mozzarella cheese ~ shredded mozzarella cheese => DISTINCT; shredded low-moisture whole-milk mozzarella ~ shredded whole-milk mozzarella => DISTINCT; whole milk mozzarella ~ whole-milk low-moisture mozzarella => DISTINCT; whole-milk low-moisture mozzarella ~ whole-milk mozzarella => DISTINCT
RESIDUE,contradiction_flagged,cheese,low-moisture whole-milk mozzarella,whole-milk mozzarella,DISTINCT,medium,,,,,,'Whole-milk mozzarella' does not fix moisture level; both names carry qualifiers.,low|moisture,false,signature [low|moisture] received DISTINCT + SUBSUMES — low-moisture mozzarella cheese ~ mozzarella cheese => SUBSUMES; low-moisture whole-milk mozzarella ~ whole milk mozzarella => DISTINCT; low-moisture whole-milk mozzarella ~ whole-milk mozzarella => DISTINCT; shredded low-moisture mozzarella cheese ~ shredded mozzarella cheese => DISTINCT; shredded low-moisture whole-milk mozzarella ~ shredded whole-milk mozzarella => DISTINCT; whole milk mozzarella ~ whole-milk low-moisture mozzarella => DISTINCT; whole-milk low-moisture mozzarella ~ whole-milk mozzarella => DISTINCT
RESIDUE,contradiction_flagged,cheese,mozzarella cheese,shredded mozzarella cheese,DISTINCT,high,,,,,,Explicitly different products: block mozzarella versus pre-shredded.,shredded,true,"same base, prep difference, received DISTINCT + SUBSUMES — fresh mozzarella cheese ~ mozzarella cheese [fresh] => SUBSUMES; mozzarella cheese ~ shredded mozzarella cheese [shredded] => DISTINCT"
RESIDUE,confidence_medium,cheese,sharp cheddar cheese,sharp white cheddar cheese,DISTINCT,medium,,,,,,"Both names are qualified; white cheddar is a specific colour-grade product, not interchangeable with generic sharp (orange) cheddar.",white,false,
RESIDUE,confidence_medium,cheese,sharp cheddar,sharp white cheddar cheese,DISTINCT,medium,,,,,,"Both qualified; sharp white cheddar is its own product, not covered by generic sharp cheddar.",cheese|white,false,
RESIDUE,contradiction_flagged,cheese,shredded cheddar cheese,shredded sharp cheddar cheese,DISTINCT,medium,,,,,,Both names carry qualifiers; sharp shreds are a different bag from mild/generic shredded cheddar.,sharp,false,signature [sharp] received DISTINCT + SUBSUMES — cheddar cheese ~ sharp cheddar cheese => SUBSUMES; cheddar ~ sharp cheddar => SUBSUMES; shredded cheddar cheese ~ shredded sharp cheddar cheese => DISTINCT
RESIDUE,contradiction_flagged,cheese,shredded low-moisture mozzarella cheese,shredded mozzarella cheese,DISTINCT,medium,,,,,,Both qualified; the low-moisture specification names a particular bag rather than any shredded mozzarella.,low|moisture,false,signature [low|moisture] received DISTINCT + SUBSUMES — low-moisture mozzarella cheese ~ mozzarella cheese => SUBSUMES; low-moisture whole-milk mozzarella ~ whole milk mozzarella => DISTINCT; low-moisture whole-milk mozzarella ~ whole-milk mozzarella => DISTINCT; shredded low-moisture mozzarella cheese ~ shredded mozzarella cheese => DISTINCT; shredded low-moisture whole-milk mozzarella ~ shredded whole-milk mozzarella => DISTINCT; whole milk mozzarella ~ whole-milk low-moisture mozzarella => DISTINCT; whole-milk low-moisture mozzarella ~ whole-milk mozzarella => DISTINCT
RESIDUE,confidence_medium,cheese,shredded low-moisture mozzarella,shredded low-moisture whole-milk mozzarella,DISTINCT,medium,,,,,,Both qualified; whole-milk shreds versus unspecified-fat shreds are different bags.,milk|whole,true,
RESIDUE,contradiction_flagged,cheese,shredded low-moisture whole-milk mozzarella,shredded whole-milk mozzarella,DISTINCT,medium,,,,,,"Both qualified; one fixes moisture level, the other leaves it open.",low|moisture,false,signature [low|moisture] received DISTINCT + SUBSUMES — low-moisture mozzarella cheese ~ mozzarella cheese => SUBSUMES; low-moisture whole-milk mozzarella ~ whole milk mozzarella => DISTINCT; low-moisture whole-milk mozzarella ~ whole-milk mozzarella => DISTINCT; shredded low-moisture mozzarella cheese ~ shredded mozzarella cheese => DISTINCT; shredded low-moisture whole-milk mozzarella ~ shredded whole-milk mozzarella => DISTINCT; whole milk mozzarella ~ whole-milk low-moisture mozzarella => DISTINCT; whole-milk low-moisture mozzarella ~ whole-milk mozzarella => DISTINCT
RESIDUE,confidence_medium,cheese,shredded mozzarella cheese,shredded whole-milk mozzarella cheese,DISTINCT,medium,,,,,,"Both qualified; whole-milk shreds are a specific bag, not interchangeable with generic shredded mozzarella (usually part-skim).",milk|whole,true,
RESIDUE,contradiction_flagged,cheese,whole milk mozzarella,whole-milk low-moisture mozzarella,DISTINCT,medium,,,,,,"Both qualified; only one fixes the moisture level, so neither covers the other.",low|moisture,false,signature [low|moisture] received DISTINCT + SUBSUMES — low-moisture mozzarella cheese ~ mozzarella cheese => SUBSUMES; low-moisture whole-milk mozzarella ~ whole milk mozzarella => DISTINCT; low-moisture whole-milk mozzarella ~ whole-milk mozzarella => DISTINCT; shredded low-moisture mozzarella cheese ~ shredded mozzarella cheese => DISTINCT; shredded low-moisture whole-milk mozzarella ~ shredded whole-milk mozzarella => DISTINCT; whole milk mozzarella ~ whole-milk low-moisture mozzarella => DISTINCT; whole-milk low-moisture mozzarella ~ whole-milk mozzarella => DISTINCT
RESIDUE,contradiction_flagged,cheese,whole-milk low-moisture mozzarella,whole-milk mozzarella,DISTINCT,medium,,,,,,Both qualified; 'whole-milk mozzarella' leaves moisture open and can mean fresh mozzarella.,low|moisture,false,signature [low|moisture] received DISTINCT + SUBSUMES — low-moisture mozzarella cheese ~ mozzarella cheese => SUBSUMES; low-moisture whole-milk mozzarella ~ whole milk mozzarella => DISTINCT; low-moisture whole-milk mozzarella ~ whole-milk mozzarella => DISTINCT; shredded low-moisture mozzarella cheese ~ shredded mozzarella cheese => DISTINCT; shredded low-moisture whole-milk mozzarella ~ shredded whole-milk mozzarella => DISTINCT; whole milk mozzarella ~ whole-milk low-moisture mozzarella => DISTINCT; whole-milk low-moisture mozzarella ~ whole-milk mozzarella => DISTINCT
SPOTCHECK,auto_accepted_spot_check,cheese,mozzarella cheese,shredded low-moisture mozzarella cheese,DISTINCT,high,,,,,,Whole mozzarella versus a shredded low-moisture bag.,low|moisture|shredded,true,
SPOTCHECK,auto_accepted_spot_check,cheese,provolone,provolone cheese slices,DISTINCT,high,,,,,,Slices versus block provolone; form is the product.,cheese|slice,false,
SPOTCHECK,auto_accepted_spot_check,cheese,oaxacan cheese,oaxacan cheese (quesillo),SYNONYM,high,,,,,,Quesillo is just the other name for Oaxacan cheese.,quesillo,false,
SPOTCHECK,auto_accepted_spot_check,cheese,shredded low-moisture whole-milk mozzarella,whole milk mozzarella,DISTINCT,high,,,,,,Shredded bag versus a block/ball of whole milk mozzarella.,low|moisture|shredded,true,
SPOTCHECK,auto_accepted_spot_check,cheese,whole-milk ricotta,whole-milk ricotta cheese,SYNONYM,high,,,,,,Same product with the word 'cheese' added.,cheese,false,
SPOTCHECK,auto_accepted_spot_check,cheese,fresh mozzarella cheese,shredded mozzarella cheese,DISTINCT,high,,,,,,Fresh water-packed ball versus a bag of shreds; two different purchases.,fresh|shredded,true,
SPOTCHECK,auto_accepted_spot_check,cheese,cheddar cheese,shredded sharp cheddar cheese,DISTINCT,high,,,,,,Shredded bag versus block; form is the product.,sharp|shredded,true,
SPOTCHECK,auto_accepted_spot_check,cheese,shredded whole-milk mozzarella cheese,whole milk mozzarella,DISTINCT,high,,,,,,Shredded bag versus solid whole milk mozzarella.,cheese|shredded,true,
SPOTCHECK,auto_accepted_spot_check,cheese,shredded low-moisture mozzarella,shredded low-moisture mozzarella cheese,SYNONYM,high,,,,,,Same product with the word 'cheese' added.,cheese,false,
SPOTCHECK,auto_accepted_spot_check,cheese,low-moisture mozzarella cheese,shredded low-moisture mozzarella cheese,DISTINCT,high,,,,,,Block low-moisture mozzarella versus a bag of shreds.,shredded,true,
SPOTCHECK,auto_accepted_spot_check,cheese,blue cheese,crumbled blue cheese,DISTINCT,high,,,,,,Crumbles are sold separately from a wedge; second purchase required.,crumbled,false,
SPOTCHECK,auto_accepted_spot_check,cheese,sharp cheddar cheese,shredded sharp cheddar cheese,DISTINCT,high,,,,,,Block versus pre-shredded bag.,shredded,true,
SPOTCHECK,auto_accepted_spot_check,cheese,cheddar cheese,sharp white cheddar cheese,SUBSUMES,high,,cheddar cheese,,,,Bare 'cheddar cheese' subsumes the qualified sharp white cheddar.,sharp|white,false,
SPOTCHECK,auto_accepted_spot_check,cheese,whole milk mozzarella,whole-milk mozzarella,SYNONYM,high,,,,,,Hyphenation difference only.,(identical),false,
SPOTCHECK,auto_accepted_spot_check,cheese,shredded low-moisture whole-milk mozzarella,whole-milk mozzarella,DISTINCT,high,,,,,,Shredded package versus unshredded whole-milk mozzarella.,low|moisture|shredded,true,
SPOTCHECK,auto_accepted_spot_check,cheese,cotija cheese,mexican crumbling cheese (cotija),SYNONYM,high,,,,,,"Descriptive label for the same cheese, cotija.",crumbling|mexican,false,
SPOTCHECK,auto_accepted_spot_check,cheese,block feta cheese,feta block,SYNONYM,high,,,,,,"Same product, word order only.",cheese,false,
SPOTCHECK,auto_accepted_spot_check,cheese,low-moisture whole-milk mozzarella,whole-milk low-moisture mozzarella,SYNONYM,high,,,,,,"Identical qualifiers, order reversed.",(identical),false,
SPOTCHECK,auto_accepted_spot_check,cheese,swiss cheese,swiss cheese slices,DISTINCT,high,,,,,,"Sliced Swiss is its own package, not the same as block Swiss.",slice,false,
SPOTCHECK,auto_accepted_spot_check,cheese,monterey jack cheese,shredded monterey jack cheese,DISTINCT,high,,,,,,Block Monterey Jack versus a bag of shreds; separate purchases.,shredded,true,
SPOTCHECK,auto_accepted_spot_check,cheese,low-moisture mozzarella,shredded low-moisture mozzarella cheese,DISTINCT,high,,,,,,Block versus pre-shredded bag.,cheese|shredded,true,
SPOTCHECK,auto_accepted_spot_check,cheese,low-moisture mozzarella,low-moisture mozzarella cheese,SYNONYM,high,,,,,,Same product with the word 'cheese' added.,cheese,false,
SPOTCHECK,auto_accepted_spot_check,cheese,fresh mozzarella,fresh mozzarella cheese,SYNONYM,high,,,,,,Same product with the word 'cheese' added.,cheese,false,
SPOTCHECK,auto_accepted_spot_check,cheese,shaved parmesan,shaved parmesan cheese,SYNONYM,high,,,,,,Same product with the word 'cheese' added.,cheese,false,
SPOTCHECK,auto_accepted_spot_check,cheese,"mexican cheese blend, shredded",shredded mexican cheese blend,SYNONYM,high,,,,,,"Same product, word order only.",(identical),false,
SPOTCHECK,auto_accepted_spot_check,cheese,sliced swiss cheese,swiss cheese,DISTINCT,high,,,,,,Deli slices are a different purchase from a block of Swiss.,sliced,false,
SPOTCHECK,auto_accepted_spot_check,cheese,low-moisture mozzarella,shredded low-moisture mozzarella,DISTINCT,high,,,,,,Block versus pre-shredded bag.,shredded,true,
SPOTCHECK,auto_accepted_spot_check,cheese,shredded whole-milk mozzarella,shredded whole-milk mozzarella cheese,SYNONYM,high,,,,,,Same product with the word 'cheese' added.,cheese,false,
SPOTCHECK,auto_accepted_spot_check,cheese,freshly grated parmesan,freshly grated parmesan cheese,SYNONYM,high,,,,,,Same item with the word 'cheese' added.,cheese,false,
SPOTCHECK,auto_accepted_spot_check,cheese,cheese tortellini,fresh cheese tortellini,SUBSUMES,high,,cheese tortellini,,,,"'Cheese tortellini' is unqualified and covers dried, frozen or fresh; 'fresh' fixes one.",fresh,true,
SPOTCHECK,auto_accepted_spot_check,cheese,whole milk ricotta cheese,whole-milk ricotta cheese,SYNONYM,high,,,,,,Hyphenation difference only.,(identical),false,
SPOTCHECK,auto_accepted_spot_check,cheese,parmesan,parmesan rind,COMPONENT,high,parmesan,,1,each,true,"The rind comes with the wedge of parmesan you buy; no extra purchase, and the cheese itself is still usable.",rind,false,
SPOTCHECK,auto_accepted_spot_check,cheese,provolone cheese,provolone cheese slices,DISTINCT,high,,,,,,Deli slices are a different purchase from a provolone block.,slice,false,
SPOTCHECK,auto_accepted_spot_check,cheese,blue cheese,blue cheese crumbles,DISTINCT,high,,,,,,Pre-crumbled blue cheese is a different tub than a wedge of blue cheese; form is the product.,crumble,false,
SPOTCHECK,auto_accepted_spot_check,cheese,shredded low-moisture whole-milk mozzarella,whole-milk low-moisture mozzarella,DISTINCT,high,,,,,,Shredded bag versus block of the same cheese; form is the product.,shredded,true,
SPOTCHECK,auto_accepted_spot_check,cheese,provolone,provolone cheese,SYNONYM,high,,,,,,Same product with the word 'cheese' added.,cheese,false,
SPOTCHECK,auto_accepted_spot_check,cheese,crumbled feta cheese,feta cheese,DISTINCT,high,,,,,,Pre-crumbled feta versus block feta; form is the product.,crumbled,false,
SPOTCHECK,auto_accepted_spot_check,cheese,shredded whole-milk mozzarella,whole milk mozzarella,DISTINCT,high,,,,,,Shredded bag versus solid whole milk mozzarella.,shredded,true,
SPOTCHECK,auto_accepted_spot_check,cheese,smoked gouda,smoked gouda cheese,SYNONYM,high,,,,,,Same product with the word 'cheese' added.,cheese,false,
SPOTCHECK,auto_accepted_spot_check,cheese,low-moisture whole-milk mozzarella,shredded low-moisture whole-milk mozzarella,DISTINCT,high,,,,,,Block versus pre-shredded bag of the same cheese type.,shredded,true,
SPOTCHECK,auto_accepted_spot_check,cheese,grated parmesan,grated parmesan cheese,SYNONYM,high,,,,,,Same item with the word 'cheese' added.,cheese,false,
SPOTCHECK,auto_accepted_spot_check,cheese,"cotija cheese, crumbled",crumbled cotija cheese,SYNONYM,high,,,,,,"Same crumbled cotija, wording reversed.",(identical),false,
SPOTCHECK,auto_accepted_spot_check,cheese,cheddar,cheddar cheese,SYNONYM,high,,,,,,Same product with the word 'cheese' added.,cheese,false,
SPOTCHECK,auto_accepted_spot_check,cheese,feta,feta cheese,SYNONYM,high,,,,,,Same product with the word 'cheese' added.,cheese,false,
SPOTCHECK,auto_accepted_spot_check,cheese,shredded whole-milk mozzarella,whole-milk mozzarella,DISTINCT,high,,,,,,Shredded versus block form; separate purchases.,shredded,true,
SPOTCHECK,auto_accepted_spot_check,cheese,parmesan,parmesan cheese,SYNONYM,high,,,,,,Same product with the word 'cheese' added.,cheese,false,
SPOTCHECK,auto_accepted_spot_check,cheese,mozzarella cheese,shredded whole-milk mozzarella cheese,DISTINCT,high,,,,,,Block mozzarella versus a shredded whole-milk bag.,milk|shredded|whole,true,
SPOTCHECK,auto_accepted_spot_check,cheese,provolone,shredded provolone cheese,DISTINCT,high,,,,,,Block versus pre-shredded provolone.,cheese|shredded,true,
SPOTCHECK,auto_accepted_spot_check,cheese,shredded provolone,shredded provolone cheese,SYNONYM,high,,,,,,Same product with the word 'cheese' added.,cheese,false,
SPOTCHECK,auto_accepted_spot_check,cheese,parmesan cheese,shaved parmesan cheese,DISTINCT,high,,,,,,"Shaved parmesan is its own package, not a wedge of parmesan.",shaved,false,
SPOTCHECK,auto_accepted_spot_check,cheese,whole milk ricotta cheese,whole-milk ricotta,SYNONYM,high,,,,,,Same tub of whole milk ricotta; hyphen and 'cheese' differ only.,cheese,false,
SPOTCHECK,auto_accepted_spot_check,cheese,shredded whole-milk mozzarella cheese,whole-milk mozzarella,DISTINCT,high,,,,,,Pre-shredded package versus block; two purchases.,cheese|shredded,true,
SPOTCHECK,auto_accepted_spot_check,cheese,pecorino romano,pecorino romano cheese,SYNONYM,high,,,,,,Same product with the word 'cheese' added.,cheese,false,
SPOTCHECK,auto_accepted_spot_check,cheese,cheddar,sharp white cheddar cheese,SUBSUMES,high,,cheddar,,,,Bare 'cheddar' subsumes the doubly qualified sharp white cheddar.,cheese|sharp|white,false,
SPOTCHECK,auto_accepted_spot_check,cheese,finely grated parmesan,finely grated parmesan cheese,SYNONYM,high,,,,,,Same item with the word 'cheese' added.,cheese,false,
SPOTCHECK,auto_accepted_spot_check,cheese,sharp cheddar,sharp cheddar cheese,SYNONYM,high,,,,,,Same product with the word 'cheese' added.,cheese,false,
SPOTCHECK,auto_accepted_spot_check,cheese,cheddar,sharp cheddar cheese,SUBSUMES,high,,cheddar,,,,Bare 'cheddar' subsumes sharp cheddar cheese.,cheese|sharp,false,
SPOTCHECK,auto_accepted_spot_check,cheese,"mexican cheese blend, shredded",shredded mexican blend cheese,SYNONYM,high,,,,,,"Same bag of shredded Mexican blend, wording reordered.",(identical),false,
SPOTCHECK,auto_accepted_spot_check,cheese,sharp cheddar,shredded sharp cheddar cheese,DISTINCT,high,,,,,,Block sharp cheddar versus a shredded bag.,cheese|shredded,true,
SPOTCHECK,auto_accepted_spot_check,cheese,provolone,shredded provolone,DISTINCT,high,,,,,,Block versus pre-shredded provolone.,shredded,true,
