mealId,title,serv,run1Cal,run2Cal,run1P,run2P,run1C,run2C,run1F,run2F,grounded%,flagsBoth,flagsEither
r-grain-bowl,"Mediterranean Grain Bowl",2,735,735,33,33,74,74,32,32,100,"",""
r-salmon,"Lemon Herb Salmon",2,565,565,35,35,53,53,20,20,100,"",""
r-stirfry,"Chicken Veggie Stir-fry",4,445,445,32,32,48,48,12,12,100,"",""
r-tacos,"Beef Street Tacos",4,565,565,32,32,48,48,25,25,100,"",""
r-pasta,"Creamy Mushroom Pasta",4,565,565,25,25,54,54,24,24,100,"",""
r-stew,"Hearty Lentil Stew",6,445,445,18,18,73,73,3,3,100,"",""
r-tofu,"Teriyaki Tofu Bowl",2,565,565,27,27,62,62,20,20,100,"",""
r-pizza,"Margherita Pizza Night",4,565,565,18,18,63,63,24,24,83,"",""
r-curry,"Coconut Chickpea Curry",4,505,505,19,19,73,73,12,12,88,"",""
r-buddha,"Roasted Veg Buddha Bowl",2,605,605,27,27,69,69,24,24,100,"",""
r-shrimp,"Garlic Shrimp Scampi",4,535,505,32,27,59,48,13,17,100,"",""
r-greek,"Big Greek Salad",2,445,445,12,12,20,20,34,34,88,"",""
dev-meal-salmon-rice-pilaf,"Salmon with Rice Pilaf",4,625,625,35,35,40,40,28,28,100,"",""
080db331-b55d-4d23-9178-54a1ef81211c,"Instant Pot Chicken Tikka Masala with Basmati Rice and Warm Naan",2,1070,1070,54,50,131,131,37,39,86,"",""
2942e5a2-0d2a-4f08-a3be-817e6baf956c,"Sheet-Pan Steak and Bell Pepper Fajitas with Flour Tortillas and Shredded Cheddar",2,1265,1260,65,65,115,115,60,60,94,"",""
3db74283-da57-4932-902d-674b7067dfc7,"Oven-Roasted Prosciutto-Wrapped Chicken Breast with Sun-Dried Tomato Cream Sauce and Orzo",2,975,975,53,53,71,71,49,49,86,"",""
bf3f2efa-1cbe-496e-a4a0-ebd64473ecd2,"Sheet-Pan Steak and Bell Pepper Fajita Rice Bowls with Mild Pico and Cheddar",2,830,830,43,43,73,74,37,36,88,"",""
06a3ff2a-05f5-4f71-bb02-e61641e9434f,"Rigatoni Arrabbiata with Italian Sausage and Fresh Basil",2,735,735,41,41,73,73,26,26,82,"",""
ba14d4db-9c34-437d-bb00-76ed0adbaf5a,"Instant Pot Butter Chicken with Basmati Rice and Warm Naan",2,1040,1070,47,50,100,131,44,42,86,"",""
a40f036a-10ae-4a52-8a07-f19004cf4f34,"Crispy Oven-Baked Chicken Thighs with Roasted Bell Peppers and Garlic White Rice",2,1155,1030,43,44,68,66,52,43,82,"",""
ad53bf3f-0677-4024-aeb7-3274565e1ff5,"Beef and Black Bean Enchiladas with Mild Red Sauce and Melted Cheddar",2,1008,1008,45,45,104,104,41,41,89,"",""
cf848983-1a32-4d88-be53-d281afd57f12,"Thai Basil Pork (Pad Kra Pao) with Jasmine Rice and a Crispy Fried Egg",2,950,965,50,50,93,93,39,40,88,"",""
8524c341-4904-4d4d-95ab-49f863ecc138,"Grilled Chicken Shawarma Wraps with Garlic Sauce, Pickled Onion, and Cucumber",2,1265,1285,51,51,108,108,65,68,86,"Atwater 24 kcal vs stated 55 kcal (>40% off)","Atwater 24 kcal vs stated 55 kcal (>40% off)"
8678a11c-6fe4-4408-863f-5690dc479805,"Build-Your-Own Veggie Tacos with Roasted Corn, Black Beans, and Guacamole",4,885,885,30,30,90,90,42,42,92,"",""
e5556c9f-fb1b-4f06-8659-fe96e9de6ade,"Crispy Hard Shell Ground Beef Tacos with Street Corn Salad",4,1415,1415,73,73,89,89,78,80,91,"",""
9aaf45f6-3d54-4ef4-afbd-84ae5d00dca8,"Herb-Crusted Baked Chicken Breast with Roasted Garlic Mashed Potatoes & Blistered Green Beans",2,805,800,48,48,55,51,41,41,88,"",""
67b192e0-33a0-4ba2-9ee6-9722bb9d5b54,"Classic Cheeseburger with Crispy Oven Fries & Coleslaw",2,1235,1220,38,37,70,70,86,83,85,"",""
53ba3c2e-3479-4370-a0cc-caa913200a97,"Spaghetti with Hearty Beef Meat Sauce",4,785,785,52,53,69,69,31,31,91,"",""
6e0d54d1-80b7-49da-bcb8-751a91663c1b,"Spaghetti and Beef-Pork Meatballs in San Marzano Tomato Sauce",4,1060,1060,67,67,98,98,42,42,79,"",""
1eafc755-8c59-4b40-b7c4-47120bf78584,"Smoky Beef Chili with Cornbread Crumble",2,985,985,54,54,79,79,45,45,85,"",""
cce515c8-b82a-4086-b66e-14221ad51101,"Crispy Chicken Parmesan with Spaghetti and Garlic Green Beans",4,1225,1225,80,80,109,109,44,44,87,"",""
8c3cb0aa-71a6-415e-bf8f-a00134c03542,"Homemade Pepperoni Pizza with Garlic Herb Salad",4,1060,1060,41,41,101,101,51,51,73,"",""
bc3e0d2a-b777-493b-8fd8-bf063ce352f1,"Baked Mac and Cheese with Crispy Breadcrumb Crust & Roasted Broccoli",2,970,970,45,45,70,70,55,55,92,"",""
26abd41a-3e69-4395-bae5-2a67ccabf014,"Beef and Broccoli Stir-Fry with Steamed Jasmine Rice",2,725,725,35,35,60,60,25,25,100,"",""
3e2e0912-06e2-4653-aa2f-8915f05ad82b,"Classic Pot Roast with Root Vegetables and Buttery Mashed Potatoes",4,940,910,64,59,51,51,44,46,75,"",""
8b34a859-56b4-4ad1-a49e-0f0ba2c2c0b9,"Sheet-Pan Chicken Fajitas with Cilantro-Lime Rice and Avocado Crema",4,1170,1170,58,58,116,116,44,43,90,"",""
a63262b8-af63-4605-bac4-dbe5a2acec9a,"Chicken and Vegetable Stir-Fry with Jasmine Rice",2,660,675,41,41,56,56,17,17,94,"","Atwater 123 kcal vs stated 240 kcal (>40% off);Atwater 122 kcal vs stated 255 kcal (>40% off)"
eae97408-0da5-4190-a945-c74bad1a9120,"Baked Lemon-Herb Salmon with Garlic Roasted Asparagus and Herbed Couscous",2,635,605,38,38,44,44,33,30,86,"",""
e3702c33-3d1b-4f9f-981f-3cfdb2e043b1,"Buttermilk Fried Chicken with Honey-Glazed Corn on the Cob & Creamy Coleslaw",4,1430,1430,49,49,98,96,91,87,89,"",""
20f75a0d-f26d-455b-bf59-63a10cf6f232,"Hearty Chicken Noodle Soup with Crusty Bread",4,845,845,54,46,85,46,21,20,87,"","Atwater 68 kcal vs stated 340 kcal (>40% off)"
e5469902-c2c0-4d9d-bc5f-04064120be45,"Grilled Chicken Breast with Roasted Garlic Potatoes and Steamed Broccoli",4,460,460,39,39,39,39,20,20,83,"Atwater 69 kcal vs stated 45 kcal (>40% off)","Atwater 69 kcal vs stated 45 kcal (>40% off)"
aefc64f2-7af6-4fdc-a775-fd1c4301c6b8,"Classic Beef Meatloaf with Garlic Mashed Potatoes & Roasted Green Beans",2,895,915,41,41,69,71,48,50,88,"",""
4c1a206d-d9eb-4ab4-9cbf-b2d5f9166f5e,"Herb-Roasted Whole Chicken with Roasted Garlic Pan Jus",2,1585,1585,64,64,48,47,90,90,83,"",""
edc65b17-3caf-4103-8e4d-922da3549169,"Hearty Beef Stew with Root Vegetables",2,615,615,39,39,51,51,21,21,100,"",""