row_kind,reason,family,name_a,name_b,label,confidence,base_is,generic_is,yield_qty,yield_unit,co_harvestable,judge_reason,signature,straddles_processing,contradiction_detail,hans_verdict,hans_notes
RESIDUE,contradiction_flagged,allium,chives,dried chives,DISTINCT,medium,,,,,,Bare 'chives' means the fresh herb; dried chives is a separate spice-aisle product.,dried,true,"same base, prep difference, received DISTINCT + SYNONYM — chives ~ dried chives [dried] => DISTINCT; chives ~ fresh chives [fresh] => SYNONYM",,
RESIDUE,contradiction_flagged,allium,chives,fresh chives,SYNONYM,medium,,,,,,Bare 'chives' defaults to the fresh bunch; same product.,fresh,true,"same base, prep difference, received DISTINCT + SYNONYM — chives ~ dried chives [dried] => DISTINCT; chives ~ fresh chives [fresh] => SYNONYM",,
RESIDUE,confidence_medium,allium,chives,garlic chives,SUBSUMES,medium,,chives,,,,'chives' is unqualified; garlic chives is a named specific variety of chives.,garlic,false,,,
RESIDUE,confidence_medium,allium,crispy fried onions,fried onions,SYNONYM,medium,,,,,,'crispy' is a descriptor of the same packaged fried onion product.,crispy,false,,,
RESIDUE,confidence_medium,allium,crispy fried onions,onion,DISTINCT,medium,,,,,,"Packaged crispy fried onions is a cooked/processed product, not obtained by buying raw onions.",crispy|fried,false,,,
RESIDUE,confidence_medium,allium,fried onions (birista),onion,DISTINCT,medium,,,,,,"Birista is a cooked fried-onion preparation, not something a raw onion purchase already contains.",birista|fried,false,,,
RESIDUE,confidence_medium,allium,fried onions,onion,DISTINCT,medium,,,,,,Fried onions are a cooked/packaged product distinct from raw onions.,fried,false,,,
RESIDUE,confidence_medium,allium,"frozen pearl onions, thawed",onion,SUBSUMES,medium,,onion,,,,'onion' is the bare generic; frozen pearl onions is a qualified specific form of onion.,frozen|pearl|thawed,true,,,
RESIDUE,confidence_medium,allium,"frozen pearl onions, thawed",pearl onion,DISTINCT,medium,,,,,,"Frozen bag versus fresh pearl onions; both qualified, different products.",frozen|thawed,true,,,
RESIDUE,confidence_medium,allium,frozen pearl onions,onion,SUBSUMES,medium,,onion,,,,Bare 'onion' subsumes the qualified frozen pearl onion product.,frozen|pearl,true,,,
RESIDUE,confidence_medium,allium,frozen pearl onions,pearl onion,DISTINCT,medium,,,,,,Frozen versus fresh pearl onions are separate purchases.,frozen,true,,,
RESIDUE,confidence_medium,allium,garlic cloves,"garlic cloves, peeled",SYNONYM,medium,,,,,,Peeling garlic removes only inedible papery skin; the purchase is unchanged in quantity.,peeled,false,,,
RESIDUE,confidence_medium,allium,garlic,garlic cloves,SYNONYM,medium,,,,,,Recipes use 'garlic' and 'garlic cloves' interchangeably for the same purchase.,clove,false,,,
RESIDUE,confidence_medium,allium,garlic,"garlic cloves, minced",SYNONYM,medium,,,,,,"Same garlic purchase, minced.",clove|minced,false,,,
RESIDUE,confidence_medium,allium,garlic,"garlic cloves, peeled",SYNONYM,medium,,,,,,"Same garlic purchase, peeled (only skin removed).",clove|peeled,false,,,
RESIDUE,confidence_medium,allium,garlic,"garlic cloves, thinly sliced",SYNONYM,medium,,,,,,"Same garlic purchase, sliced.",clove|sliced|thinly,false,,,
RESIDUE,confidence_medium,allium,garlic,garlic head,COMPONENT,medium,garlic head,,10,clove,false,You buy a head; the cloves recipes call 'garlic' come out of it.,head,false,,,
RESIDUE,confidence_medium,allium,garlic,head of garlic,COMPONENT,medium,head of garlic,,10,clove,false,The head is the purchase; garlic (cloves) comes from it.,head,false,,,
RESIDUE,confidence_medium,allium,garlic,whole garlic head,COMPONENT,medium,whole garlic head,,10,clove,false,The whole head is the purchase; garlic cloves come from it.,head|whole,true,,,
RESIDUE,contradiction_flagged,allium,green onions,onion,DISTINCT,high,,,,,,Green onions are not a substitute for bulb onions; separate produce item.,green,false,"same base, color difference, received DISTINCT + SUBSUMES — green onions ~ onion [green] => DISTINCT; onion ~ red onion [red] => SUBSUMES; onion ~ white onion [white] => SUBSUMES; onion ~ yellow onion [yellow] => SUBSUMES",,
RESIDUE,confidence_medium,allium,large yellow onion,yellow onion,SUBSUMES,medium,,yellow onion,,,,'yellow onion' leaves size open and is satisfied by a large one; the reverse fails.,large,false,,,
RESIDUE,contradiction_flagged,allium,large yellow onion,"yellow onion, diced",SUBSUMES,medium,,"yellow onion, diced",,,,"Diced yellow onion is size-unspecified yellow onion; it is satisfied by a large one, not vice versa.",diced|large,false,"SUBSUMES declares ""yellow onion, diced"" generic over ""large yellow onion"", but the declared generic is not the less-qualified name — two specifics are DISTINCT, never SUBSUMES (D-WS9-202)",,
RESIDUE,contradiction_flagged,allium,large yellow onion,"yellow onion, roughly chopped",SUBSUMES,medium,,"yellow onion, roughly chopped",,,,Second name is size-unspecified yellow onion (prep only); first fixes size.,chopped|large|roughly,false,"SUBSUMES declares ""yellow onion, roughly chopped"" generic over ""large yellow onion"", but the declared generic is not the less-qualified name — two specifics are DISTINCT, never SUBSUMES (D-WS9-202)",,
RESIDUE,contradiction_flagged,allium,large yellow onion,"yellow onions, finely diced",SUBSUMES,medium,,"yellow onions, finely diced",,,,Second name is size-unspecified yellow onion; first fixes size.,diced|finely|large,false,"SUBSUMES declares ""yellow onions, finely diced"" generic over ""large yellow onion"", but the declared generic is not the less-qualified name — two specifics are DISTINCT, never SUBSUMES (D-WS9-202)",,
RESIDUE,contradiction_flagged,allium,large yellow onion,"yellow onions, thinly sliced",SUBSUMES,medium,,"yellow onions, thinly sliced",,,,Second name is size-unspecified yellow onion; first fixes size.,large|sliced|thinly,false,"SUBSUMES declares ""yellow onions, thinly sliced"" generic over ""large yellow onion"", but the declared generic is not the less-qualified name — two specifics are DISTINCT, never SUBSUMES (D-WS9-202)",,
RESIDUE,confidence_medium,allium,medium yellow onion,yellow onion,SUBSUMES,medium,,yellow onion,,,,"'yellow onion' leaves size open; a medium one satisfies it, not vice versa.",medium,false,,,
RESIDUE,contradiction_flagged,allium,medium yellow onion,"yellow onion, diced",SUBSUMES,medium,,"yellow onion, diced",,,,Second name is size-unspecified yellow onion (prep only); first fixes size.,diced|medium,false,"SUBSUMES declares ""yellow onion, diced"" generic over ""medium yellow onion"", but the declared generic is not the less-qualified name — two specifics are DISTINCT, never SUBSUMES (D-WS9-202)",,
RESIDUE,contradiction_flagged,allium,medium yellow onion,"yellow onion, roughly chopped",SUBSUMES,medium,,"yellow onion, roughly chopped",,,,Second name is size-unspecified yellow onion; first fixes size.,chopped|medium|roughly,false,"SUBSUMES declares ""yellow onion, roughly chopped"" generic over ""medium yellow onion"", but the declared generic is not the less-qualified name — two specifics are DISTINCT, never SUBSUMES (D-WS9-202)",,
RESIDUE,contradiction_flagged,allium,medium yellow onion,"yellow onions, finely diced",SUBSUMES,medium,,"yellow onions, finely diced",,,,Second name is size-unspecified yellow onion; first fixes size.,diced|finely|medium,false,"SUBSUMES declares ""yellow onions, finely diced"" generic over ""medium yellow onion"", but the declared generic is not the less-qualified name — two specifics are DISTINCT, never SUBSUMES (D-WS9-202)",,
RESIDUE,contradiction_flagged,allium,medium yellow onion,"yellow onions, thinly sliced",SUBSUMES,medium,,"yellow onions, thinly sliced",,,,Second name is size-unspecified yellow onion; first fixes size.,medium|sliced|thinly,false,"SUBSUMES declares ""yellow onions, thinly sliced"" generic over ""medium yellow onion"", but the declared generic is not the less-qualified name — two specifics are DISTINCT, never SUBSUMES (D-WS9-202)",,
RESIDUE,confidence_medium,allium,onion,pearl onion,SUBSUMES,medium,,onion,,,,'onion' is bare generic; pearl onion is a specific small variety.,pearl,false,,,
RESIDUE,contradiction_flagged,allium,onion,red onion,SUBSUMES,high,,onion,,,,Bare generic 'onion' is satisfied by red onion; the reverse is not true.,red,false,"same base, color difference, received DISTINCT + SUBSUMES — green onions ~ onion [green] => DISTINCT; onion ~ red onion [red] => SUBSUMES; onion ~ white onion [white] => SUBSUMES; onion ~ yellow onion [yellow] => SUBSUMES",,
RESIDUE,contradiction_flagged,allium,onion,white onion,SUBSUMES,high,,onion,,,,Bare generic 'onion' is satisfied by white onion.,white,false,"same base, color difference, received DISTINCT + SUBSUMES — green onions ~ onion [green] => DISTINCT; onion ~ red onion [red] => SUBSUMES; onion ~ white onion [white] => SUBSUMES; onion ~ yellow onion [yellow] => SUBSUMES",,
RESIDUE,contradiction_flagged,allium,onion,yellow onion,SUBSUMES,high,,onion,,,,Bare generic 'onion' is satisfied by yellow onion.,yellow,false,"same base, color difference, received DISTINCT + SUBSUMES — green onions ~ onion [green] => DISTINCT; onion ~ red onion [red] => SUBSUMES; onion ~ white onion [white] => SUBSUMES; onion ~ yellow onion [yellow] => SUBSUMES",,
RESIDUE,contradiction_flagged,oil_fat,avocado oil,neutral oil (such as avocado or canola oil),SUBSUMES,medium,,neutral oil (such as avocado or canola oil),,,,"""Neutral oil (such as avocado or canola oil)"" is the bare generic category with illustrative examples; avocado oil is one specific bottle that satisfies it. A recipe calling for avocado oil is not satisfied by just any neutral oil.",canola|neutral,false,"SUBSUMES declares ""neutral oil (such as avocado or canola oil)"" generic over ""avocado oil"", but the declared generic is not the less-qualified name — two specifics are DISTINCT, never SUBSUMES (D-WS9-202)",,
RESIDUE,contradiction_flagged,oil_fat,avocado oil,neutral oil (such as avocado or vegetable),SUBSUMES,medium,,neutral oil (such as avocado or vegetable),,,,"The second name is the generic ""neutral oil"" with non-restrictive examples; avocado oil is a specific member of that category.",neutral|vegetable,false,"SUBSUMES declares ""neutral oil (such as avocado or vegetable)"" generic over ""avocado oil"", but the declared generic is not the less-qualified name — two specifics are DISTINCT, never SUBSUMES (D-WS9-202)",,
RESIDUE,contradiction_flagged,oil_fat,avocado oil,neutral oil (such as grapeseed or avocado),SUBSUMES,medium,,neutral oil (such as grapeseed or avocado),,,,Second name is the generic neutral-oil category (examples only); avocado oil is one specific product within it.,grapeseed|neutral,false,"SUBSUMES declares ""neutral oil (such as grapeseed or avocado)"" generic over ""avocado oil"", but the declared generic is not the less-qualified name — two specifics are DISTINCT, never SUBSUMES (D-WS9-202)",,
RESIDUE,contradiction_flagged,oil_fat,avocado oil,neutral oil (such as vegetable or avocado oil),SUBSUMES,medium,,neutral oil (such as vegetable or avocado oil),,,,"Second name is generic neutral oil with examples; avocado oil is a specific kind that satisfies it, but not the reverse.",neutral|vegetable,false,"SUBSUMES declares ""neutral oil (such as vegetable or avocado oil)"" generic over ""avocado oil"", but the declared generic is not the less-qualified name — two specifics are DISTINCT, never SUBSUMES (D-WS9-202)",,
RESIDUE,confidence_medium,oil_fat,canned tuna in olive oil,olive oil,COMPONENT,medium,canned tuna in olive oil,,2,tbsp,true,One can of tuna packed in olive oil yields usable olive oil at no extra purchase; the tuna remains. Analogous to pepperoncini ~ pepperoncini brine.,canned|tuna,true,,,
RESIDUE,confidence_medium,oil_fat,dark sesame oil,sesame oil,SUBSUMES,medium,,sesame oil,,,,"""Sesame oil"" bare is the unqualified generic (light or toasted); ""dark sesame oil"" fixes the toasted style. Generic is the second name.",dark,false,,,
RESIDUE,contradiction_flagged,oil_fat,lard or neutral oil,neutral oil,SUBSUMES,medium,,lard or neutral oil,,,,"""Lard or neutral oil"" is the broader either/or demand, satisfied by neutral oil; a demand for neutral oil is not satisfied by lard. First name is the generic.",lard,false,"SUBSUMES declares ""lard or neutral oil"" generic over ""neutral oil"", but the declared generic is not the less-qualified name — two specifics are DISTINCT, never SUBSUMES (D-WS9-202)",,
RESIDUE,contradiction_flagged,oil_fat,lard,lard or neutral oil,SUBSUMES,medium,,lard or neutral oil,,,,The second name is the broader either/or demand; lard is one specific way to satisfy it.,neutral|oil,false,"SUBSUMES declares ""lard or neutral oil"" generic over ""lard"", but the declared generic is not the less-qualified name — two specifics are DISTINCT, never SUBSUMES (D-WS9-202)",,
RESIDUE,contradiction_flagged,oil_fat,lard,lard or unsalted butter,SUBSUMES,medium,,lard or unsalted butter,,,,"""Lard or unsalted butter"" is the broader demand satisfied by lard; a lard requirement is not met by butter. Second name is generic.",butter|unsalted,false,"SUBSUMES declares ""lard or unsalted butter"" generic over ""lard"", but the declared generic is not the less-qualified name — two specifics are DISTINCT, never SUBSUMES (D-WS9-202)",,
RESIDUE,contradiction_flagged,oil_fat,neutral oil (such as avocado or canola oil),neutral oil (such as canola),SYNONYM,medium,,,,,,"Both are the generic neutral oil; the ""such as"" lists are non-restrictive examples, so one purchase serves both.",avocado,false,signature [avocado] received SUBSUMES + SYNONYM — neutral oil (such as avocado or canola oil) ~ neutral oil (such as canola) => SYNONYM; neutral oil (such as avocado or vegetable) ~ neutral oil (such as vegetable oil) => SYNONYM; neutral oil (such as avocado or vegetable) ~ neutral vegetable oil => SUBSUMES; neutral oil (such as vegetable oil) ~ neutral oil (such as vegetable or avocado oil) => SYNONYM; neutral oil (such as vegetable or avocado oil) ~ neutral vegetable oil => SUBSUMES,,
RESIDUE,contradiction_flagged,oil_fat,neutral oil (such as avocado or vegetable),neutral oil (such as vegetable oil),SYNONYM,medium,,,,,,Both are generic neutral oil with illustrative example lists; same purchase.,avocado,false,signature [avocado] received SUBSUMES + SYNONYM — neutral oil (such as avocado or canola oil) ~ neutral oil (such as canola) => SYNONYM; neutral oil (such as avocado or vegetable) ~ neutral oil (such as vegetable oil) => SYNONYM; neutral oil (such as avocado or vegetable) ~ neutral vegetable oil => SUBSUMES; neutral oil (such as vegetable oil) ~ neutral oil (such as vegetable or avocado oil) => SYNONYM; neutral oil (such as vegetable or avocado oil) ~ neutral vegetable oil => SUBSUMES,,
RESIDUE,synonym_on_disjunction_row,oil_fat,neutral oil (such as avocado or vegetable),neutral oil (such as vegetable or avocado oil),SYNONYM,high,,,,,,"Same generic neutral oil, same example set in different word order.",(identical),false,,,
RESIDUE,contradiction_flagged,oil_fat,neutral oil (such as avocado or vegetable),neutral vegetable oil,SUBSUMES,medium,,neutral oil (such as avocado or vegetable),,,,"First is the generic neutral-oil category (examples only); ""neutral vegetable oil"" names a specific bottle of vegetable oil.",avocado,false,"signature [avocado] received SUBSUMES + SYNONYM — neutral oil (such as avocado or canola oil) ~ neutral oil (such as canola) => SYNONYM; neutral oil (such as avocado or vegetable) ~ neutral oil (such as vegetable oil) => SYNONYM; neutral oil (such as avocado or vegetable) ~ neutral vegetable oil => SUBSUMES; neutral oil (such as vegetable oil) ~ neutral oil (such as vegetable or avocado oil) => SYNONYM; neutral oil (such as vegetable or avocado oil) ~ neutral vegetable oil => SUBSUMES | SUBSUMES declares ""neutral oil (such as avocado or vegetable)"" generic over ""neutral vegetable oil"", but the declared generic is not the less-qualified name — two specifics are DISTINCT, never SUBSUMES (D-WS9-202)",,
RESIDUE,contradiction_flagged,oil_fat,neutral oil (such as avocado or vegetable),vegetable oil,SUBSUMES,medium,,neutral oil (such as avocado or vegetable),,,,"First is the generic neutral oil; vegetable oil is one specific product that satisfies it, not the reverse.",avocado|neutral,false,"SUBSUMES declares ""neutral oil (such as avocado or vegetable)"" generic over ""vegetable oil"", but the declared generic is not the less-qualified name — two specifics are DISTINCT, never SUBSUMES (D-WS9-202)",,
RESIDUE,synonym_on_disjunction_row,oil_fat,neutral oil (such as canola or grapeseed),neutral oil (such as canola),SYNONYM,medium,,,,,,Both are generic neutral oil with non-restrictive examples; one bottle serves both.,grapeseed,false,,,
RESIDUE,synonym_on_disjunction_row,oil_fat,neutral oil (such as canola or grapeseed),neutral oil (such as grapeseed or canola),SYNONYM,high,,,,,,Identical example set in reversed order; same generic neutral oil.,(identical),false,,,
RESIDUE,synonym_on_disjunction_row,oil_fat,neutral oil (such as canola),neutral oil (such as grapeseed or canola),SYNONYM,medium,,,,,,Both resolve to generic neutral oil; the parenthetical suggestions do not change the purchase.,grapeseed,false,,,
RESIDUE,contradiction_flagged,oil_fat,neutral oil (such as canola),neutral oil (such as vegetable or canola oil),SYNONYM,medium,,,,,,Both are the generic neutral oil with example lists; same purchase.,vegetable,false,signature [vegetable] received SUBSUMES + SYNONYM — neutral oil (such as canola) ~ neutral oil (such as vegetable or canola oil) => SYNONYM; neutral oil (such as canola) ~ neutral oil (such as vegetable or canola) => SYNONYM; neutral oil (such as canola) ~ neutral oil (vegetable or canola) => SYNONYM; neutral oil ~ neutral oil (such as vegetable oil) => SYNONYM; neutral oil ~ neutral vegetable oil => SUBSUMES,,
RESIDUE,contradiction_flagged,oil_fat,neutral oil (such as canola),neutral oil (such as vegetable or canola),SYNONYM,medium,,,,,,Both are generic neutral oil; parenthetical examples are illustrative only.,vegetable,false,signature [vegetable] received SUBSUMES + SYNONYM — neutral oil (such as canola) ~ neutral oil (such as vegetable or canola oil) => SYNONYM; neutral oil (such as canola) ~ neutral oil (such as vegetable or canola) => SYNONYM; neutral oil (such as canola) ~ neutral oil (vegetable or canola) => SYNONYM; neutral oil ~ neutral oil (such as vegetable oil) => SYNONYM; neutral oil ~ neutral vegetable oil => SUBSUMES,,
RESIDUE,contradiction_flagged,oil_fat,neutral oil (such as canola),neutral oil (vegetable or canola),SYNONYM,medium,,,,,,Both are generic neutral oil with suggested examples; one bottle satisfies both.,vegetable,false,signature [vegetable] received SUBSUMES + SYNONYM — neutral oil (such as canola) ~ neutral oil (such as vegetable or canola oil) => SYNONYM; neutral oil (such as canola) ~ neutral oil (such as vegetable or canola) => SYNONYM; neutral oil (such as canola) ~ neutral oil (vegetable or canola) => SYNONYM; neutral oil ~ neutral oil (such as vegetable oil) => SYNONYM; neutral oil ~ neutral vegetable oil => SUBSUMES,,
RESIDUE,contradiction_flagged,oil_fat,neutral oil (such as vegetable oil),neutral oil (such as vegetable or avocado oil),SYNONYM,medium,,,,,,Both are generic neutral oil with overlapping illustrative examples.,avocado,false,signature [avocado] received SUBSUMES + SYNONYM — neutral oil (such as avocado or canola oil) ~ neutral oil (such as canola) => SYNONYM; neutral oil (such as avocado or vegetable) ~ neutral oil (such as vegetable oil) => SYNONYM; neutral oil (such as avocado or vegetable) ~ neutral vegetable oil => SUBSUMES; neutral oil (such as vegetable oil) ~ neutral oil (such as vegetable or avocado oil) => SYNONYM; neutral oil (such as vegetable or avocado oil) ~ neutral vegetable oil => SUBSUMES,,
RESIDUE,contradiction_flagged,oil_fat,neutral oil (such as vegetable oil),neutral oil (such as vegetable or canola oil),SYNONYM,medium,,,,,,Both are generic neutral oil; example lists do not alter the shelf item.,canola,false,signature [canola] received SUBSUMES + SYNONYM — neutral oil (such as vegetable oil) ~ neutral oil (such as vegetable or canola oil) => SYNONYM; neutral oil (such as vegetable oil) ~ neutral oil (such as vegetable or canola) => SYNONYM; neutral oil (such as vegetable oil) ~ neutral oil (vegetable or canola) => SYNONYM; neutral oil (such as vegetable or canola oil) ~ neutral vegetable oil => SUBSUMES; neutral oil (such as vegetable or canola) ~ neutral vegetable oil => SUBSUMES; neutral oil (vegetable or canola) ~ neutral vegetable oil => SUBSUMES; neutral oil ~ neutral oil (such as canola) => SYNONYM,,
RESIDUE,contradiction_flagged,oil_fat,neutral oil (such as vegetable oil),neutral oil (such as vegetable or canola),SYNONYM,medium,,,,,,Both are generic neutral oil with illustrative examples; same purchase.,canola,false,signature [canola] received SUBSUMES + SYNONYM — neutral oil (such as vegetable oil) ~ neutral oil (such as vegetable or canola oil) => SYNONYM; neutral oil (such as vegetable oil) ~ neutral oil (such as vegetable or canola) => SYNONYM; neutral oil (such as vegetable oil) ~ neutral oil (vegetable or canola) => SYNONYM; neutral oil (such as vegetable or canola oil) ~ neutral vegetable oil => SUBSUMES; neutral oil (such as vegetable or canola) ~ neutral vegetable oil => SUBSUMES; neutral oil (vegetable or canola) ~ neutral vegetable oil => SUBSUMES; neutral oil ~ neutral oil (such as canola) => SYNONYM,,
RESIDUE,contradiction_flagged,oil_fat,neutral oil (such as vegetable oil),neutral oil (such as vegetable or peanut oil),SYNONYM,medium,,,,,,Both are generic neutral oil with non-restrictive example lists.,peanut,false,signature [peanut] received SUBSUMES + SYNONYM — neutral oil (such as vegetable oil) ~ neutral oil (such as vegetable or peanut oil) => SYNONYM; neutral oil (such as vegetable or peanut oil) ~ neutral vegetable oil => SUBSUMES,,
RESIDUE,contradiction_flagged,oil_fat,neutral oil (such as vegetable oil),neutral oil (vegetable or canola),SYNONYM,medium,,,,,,Both are generic neutral oil; wording of the parenthetical differs only.,canola,false,signature [canola] received SUBSUMES + SYNONYM — neutral oil (such as vegetable oil) ~ neutral oil (such as vegetable or canola oil) => SYNONYM; neutral oil (such as vegetable oil) ~ neutral oil (such as vegetable or canola) => SYNONYM; neutral oil (such as vegetable oil) ~ neutral oil (vegetable or canola) => SYNONYM; neutral oil (such as vegetable or canola oil) ~ neutral vegetable oil => SUBSUMES; neutral oil (such as vegetable or canola) ~ neutral vegetable oil => SUBSUMES; neutral oil (vegetable or canola) ~ neutral vegetable oil => SUBSUMES; neutral oil ~ neutral oil (such as canola) => SYNONYM,,
RESIDUE,contradiction_flagged,oil_fat,neutral oil (such as vegetable oil),neutral vegetable oil,SUBSUMES,medium,,neutral oil (such as vegetable oil),,,,First is generic neutral oil (example only); the second names vegetable oil specifically.,(identical),false,"SUBSUMES declares ""neutral oil (such as vegetable oil)"" generic over ""neutral vegetable oil"", but the declared generic is not the less-qualified name — two specifics are DISTINCT, never SUBSUMES (D-WS9-202)",,
RESIDUE,contradiction_flagged,oil_fat,neutral oil (such as vegetable oil),vegetable oil,SUBSUMES,medium,,neutral oil (such as vegetable oil),,,,First is the generic neutral-oil category; vegetable oil is a specific product satisfying it.,neutral,false,"signature [neutral] received SUBSUMES + SYNONYM — neutral oil (such as vegetable oil) ~ vegetable oil => SUBSUMES; neutral vegetable oil ~ vegetable oil => SYNONYM | same base, descriptor difference, received SUBSUMES + SYNONYM — neutral oil (such as vegetable oil) ~ vegetable oil [neutral] => SUBSUMES; neutral vegetable oil ~ vegetable oil [neutral] => SYNONYM | SUBSUMES declares ""neutral oil (such as vegetable oil)"" generic over ""vegetable oil"", but the declared generic is not the less-qualified name — two specifics are DISTINCT, never SUBSUMES (D-WS9-202)",,
RESIDUE,contradiction_flagged,oil_fat,neutral oil (such as vegetable or avocado oil),neutral vegetable oil,SUBSUMES,medium,,neutral oil (such as vegetable or avocado oil),,,,"First is generic neutral oil with examples; ""neutral vegetable oil"" is the specific bottle.",avocado,false,"signature [avocado] received SUBSUMES + SYNONYM — neutral oil (such as avocado or canola oil) ~ neutral oil (such as canola) => SYNONYM; neutral oil (such as avocado or vegetable) ~ neutral oil (such as vegetable oil) => SYNONYM; neutral oil (such as avocado or vegetable) ~ neutral vegetable oil => SUBSUMES; neutral oil (such as vegetable oil) ~ neutral oil (such as vegetable or avocado oil) => SYNONYM; neutral oil (such as vegetable or avocado oil) ~ neutral vegetable oil => SUBSUMES | SUBSUMES declares ""neutral oil (such as vegetable or avocado oil)"" generic over ""neutral vegetable oil"", but the declared generic is not the less-qualified name — two specifics are DISTINCT, never SUBSUMES (D-WS9-202)",,
RESIDUE,contradiction_flagged,oil_fat,neutral oil (such as vegetable or avocado oil),vegetable oil,SUBSUMES,medium,,neutral oil (such as vegetable or avocado oil),,,,Generic neutral oil first; vegetable oil is one specific kind of it.,avocado|neutral,false,"SUBSUMES declares ""neutral oil (such as vegetable or avocado oil)"" generic over ""vegetable oil"", but the declared generic is not the less-qualified name — two specifics are DISTINCT, never SUBSUMES (D-WS9-202)",,
RESIDUE,synonym_on_disjunction_row,oil_fat,neutral oil (such as vegetable or canola oil),neutral oil (such as vegetable or canola),SYNONYM,high,,,,,,"Same generic neutral oil with the same example list, differing only by the word ""oil"".",(identical),false,,,
RESIDUE,synonym_on_disjunction_row,oil_fat,neutral oil (such as vegetable or canola oil),neutral oil (vegetable or canola),SYNONYM,high,,,,,,Same generic neutral oil and same examples; phrasing differs only.,(identical),false,,,
RESIDUE,contradiction_flagged,oil_fat,neutral oil (such as vegetable or canola oil),neutral vegetable oil,SUBSUMES,medium,,neutral oil (such as vegetable or canola oil),,,,First is generic neutral oil; second names vegetable oil specifically.,canola,false,"signature [canola] received SUBSUMES + SYNONYM — neutral oil (such as vegetable oil) ~ neutral oil (such as vegetable or canola oil) => SYNONYM; neutral oil (such as vegetable oil) ~ neutral oil (such as vegetable or canola) => SYNONYM; neutral oil (such as vegetable oil) ~ neutral oil (vegetable or canola) => SYNONYM; neutral oil (such as vegetable or canola oil) ~ neutral vegetable oil => SUBSUMES; neutral oil (such as vegetable or canola) ~ neutral vegetable oil => SUBSUMES; neutral oil (vegetable or canola) ~ neutral vegetable oil => SUBSUMES; neutral oil ~ neutral oil (such as canola) => SYNONYM | SUBSUMES declares ""neutral oil (such as vegetable or canola oil)"" generic over ""neutral vegetable oil"", but the declared generic is not the less-qualified name — two specifics are DISTINCT, never SUBSUMES (D-WS9-202)",,
RESIDUE,contradiction_flagged,oil_fat,neutral oil (such as vegetable or canola oil),vegetable oil,SUBSUMES,medium,,neutral oil (such as vegetable or canola oil),,,,Generic neutral oil first; vegetable oil is a specific member of the category.,canola|neutral,false,"SUBSUMES declares ""neutral oil (such as vegetable or canola oil)"" generic over ""vegetable oil"", but the declared generic is not the less-qualified name — two specifics are DISTINCT, never SUBSUMES (D-WS9-202)",,
RESIDUE,synonym_on_disjunction_row,oil_fat,neutral oil (such as vegetable or canola),neutral oil (vegetable or canola),SYNONYM,high,,,,,,Identical generic with identical parenthetical content.,(identical),false,,,
RESIDUE,contradiction_flagged,oil_fat,neutral oil (such as vegetable or canola),neutral vegetable oil,SUBSUMES,medium,,neutral oil (such as vegetable or canola),,,,First is generic neutral oil; the second is specifically vegetable oil.,canola,false,"signature [canola] received SUBSUMES + SYNONYM — neutral oil (such as vegetable oil) ~ neutral oil (such as vegetable or canola oil) => SYNONYM; neutral oil (such as vegetable oil) ~ neutral oil (such as vegetable or canola) => SYNONYM; neutral oil (such as vegetable oil) ~ neutral oil (vegetable or canola) => SYNONYM; neutral oil (such as vegetable or canola oil) ~ neutral vegetable oil => SUBSUMES; neutral oil (such as vegetable or canola) ~ neutral vegetable oil => SUBSUMES; neutral oil (vegetable or canola) ~ neutral vegetable oil => SUBSUMES; neutral oil ~ neutral oil (such as canola) => SYNONYM | SUBSUMES declares ""neutral oil (such as vegetable or canola)"" generic over ""neutral vegetable oil"", but the declared generic is not the less-qualified name — two specifics are DISTINCT, never SUBSUMES (D-WS9-202)",,
RESIDUE,contradiction_flagged,oil_fat,neutral oil (such as vegetable or canola),vegetable oil,SUBSUMES,medium,,neutral oil (such as vegetable or canola),,,,Generic neutral oil first; vegetable oil is one specific kind.,canola|neutral,false,"SUBSUMES declares ""neutral oil (such as vegetable or canola)"" generic over ""vegetable oil"", but the declared generic is not the less-qualified name — two specifics are DISTINCT, never SUBSUMES (D-WS9-202)",,
RESIDUE,contradiction_flagged,oil_fat,neutral oil (such as vegetable or peanut oil),neutral vegetable oil,SUBSUMES,medium,,neutral oil (such as vegetable or peanut oil),,,,First is generic neutral oil with examples; second names vegetable oil specifically.,peanut,false,"signature [peanut] received SUBSUMES + SYNONYM — neutral oil (such as vegetable oil) ~ neutral oil (such as vegetable or peanut oil) => SYNONYM; neutral oil (such as vegetable or peanut oil) ~ neutral vegetable oil => SUBSUMES | SUBSUMES declares ""neutral oil (such as vegetable or peanut oil)"" generic over ""neutral vegetable oil"", but the declared generic is not the less-qualified name — two specifics are DISTINCT, never SUBSUMES (D-WS9-202)",,
RESIDUE,contradiction_flagged,oil_fat,neutral oil (such as vegetable or peanut oil),vegetable oil,SUBSUMES,medium,,neutral oil (such as vegetable or peanut oil),,,,Generic neutral oil first; vegetable oil is a specific product within it.,neutral|peanut,false,"SUBSUMES declares ""neutral oil (such as vegetable or peanut oil)"" generic over ""vegetable oil"", but the declared generic is not the less-qualified name — two specifics are DISTINCT, never SUBSUMES (D-WS9-202)",,
RESIDUE,contradiction_flagged,oil_fat,neutral oil (vegetable or canola),neutral vegetable oil,SUBSUMES,medium,,neutral oil (vegetable or canola),,,,First is generic neutral oil; second is specifically vegetable oil.,canola,false,"signature [canola] received SUBSUMES + SYNONYM — neutral oil (such as vegetable oil) ~ neutral oil (such as vegetable or canola oil) => SYNONYM; neutral oil (such as vegetable oil) ~ neutral oil (such as vegetable or canola) => SYNONYM; neutral oil (such as vegetable oil) ~ neutral oil (vegetable or canola) => SYNONYM; neutral oil (such as vegetable or canola oil) ~ neutral vegetable oil => SUBSUMES; neutral oil (such as vegetable or canola) ~ neutral vegetable oil => SUBSUMES; neutral oil (vegetable or canola) ~ neutral vegetable oil => SUBSUMES; neutral oil ~ neutral oil (such as canola) => SYNONYM | SUBSUMES declares ""neutral oil (vegetable or canola)"" generic over ""neutral vegetable oil"", but the declared generic is not the less-qualified name — two specifics are DISTINCT, never SUBSUMES (D-WS9-202)",,
RESIDUE,contradiction_flagged,oil_fat,neutral oil (vegetable or canola),vegetable oil,SUBSUMES,medium,,neutral oil (vegetable or canola),,,,Generic neutral oil first; vegetable oil is one specific kind of it.,canola|neutral,false,"SUBSUMES declares ""neutral oil (vegetable or canola)"" generic over ""vegetable oil"", but the declared generic is not the less-qualified name — two specifics are DISTINCT, never SUBSUMES (D-WS9-202)",,
RESIDUE,synonym_on_disjunction_row,oil_fat,neutral oil,neutral oil (such as avocado or canola oil),SYNONYM,medium,,,,,,The parenthetical is a non-restrictive suggestion; both names buy the same neutral oil.,avocado|canola,false,,,
RESIDUE,synonym_on_disjunction_row,oil_fat,neutral oil,neutral oil (such as avocado or vegetable),SYNONYM,medium,,,,,,Bare generic and the same generic with example suggestions; one purchase.,avocado|vegetable,false,,,
RESIDUE,synonym_on_disjunction_row,oil_fat,neutral oil,neutral oil (such as canola or grapeseed),SYNONYM,medium,,,,,,Examples in parentheses do not narrow the product; same neutral oil.,canola|grapeseed,false,,,
RESIDUE,contradiction_flagged,oil_fat,neutral oil,neutral oil (such as canola),SYNONYM,medium,,,,,,"""Such as canola"" is an illustrative example of neutral oil, not a restriction.",canola,false,signature [canola] received SUBSUMES + SYNONYM — neutral oil (such as vegetable oil) ~ neutral oil (such as vegetable or canola oil) => SYNONYM; neutral oil (such as vegetable oil) ~ neutral oil (such as vegetable or canola) => SYNONYM; neutral oil (such as vegetable oil) ~ neutral oil (vegetable or canola) => SYNONYM; neutral oil (such as vegetable or canola oil) ~ neutral vegetable oil => SUBSUMES; neutral oil (such as vegetable or canola) ~ neutral vegetable oil => SUBSUMES; neutral oil (vegetable or canola) ~ neutral vegetable oil => SUBSUMES; neutral oil ~ neutral oil (such as canola) => SYNONYM,,
RESIDUE,synonym_on_disjunction_row,oil_fat,neutral oil,neutral oil (such as grapeseed or avocado),SYNONYM,medium,,,,,,Bare generic vs same generic with examples; one bottle serves both.,avocado|grapeseed,false,,,
RESIDUE,synonym_on_disjunction_row,oil_fat,neutral oil,neutral oil (such as grapeseed or canola),SYNONYM,medium,,,,,,Parenthetical examples are non-restrictive; same neutral oil purchase.,canola|grapeseed,false,,,
RESIDUE,contradiction_flagged,oil_fat,neutral oil,neutral oil (such as vegetable oil),SYNONYM,medium,,,,,,The suggested example does not change the shelf item; both are neutral oil.,vegetable,false,signature [vegetable] received SUBSUMES + SYNONYM — neutral oil (such as canola) ~ neutral oil (such as vegetable or canola oil) => SYNONYM; neutral oil (such as canola) ~ neutral oil (such as vegetable or canola) => SYNONYM; neutral oil (such as canola) ~ neutral oil (vegetable or canola) => SYNONYM; neutral oil ~ neutral oil (such as vegetable oil) => SYNONYM; neutral oil ~ neutral vegetable oil => SUBSUMES,,
RESIDUE,synonym_on_disjunction_row,oil_fat,neutral oil,neutral oil (such as vegetable or avocado oil),SYNONYM,medium,,,,,,Bare generic and the same generic with an example list.,avocado|vegetable,false,,,
RESIDUE,synonym_on_disjunction_row,oil_fat,neutral oil,neutral oil (such as vegetable or canola oil),SYNONYM,medium,,,,,,Bare generic and the same generic with illustrative examples; one purchase.,canola|vegetable,false,,,
RESIDUE,synonym_on_disjunction_row,oil_fat,neutral oil,neutral oil (such as vegetable or canola),SYNONYM,medium,,,,,,Examples in parentheses are suggestions only; same neutral oil.,canola|vegetable,false,,,
RESIDUE,synonym_on_disjunction_row,oil_fat,neutral oil,neutral oil (such as vegetable or peanut oil),SYNONYM,medium,,,,,,Bare generic vs same generic with examples; one bottle satisfies both.,peanut|vegetable,false,,,
RESIDUE,synonym_on_disjunction_row,oil_fat,neutral oil,neutral oil (vegetable or canola),SYNONYM,medium,,,,,,Parenthetical suggestion does not narrow the purchase; same neutral oil.,canola|vegetable,false,,,
RESIDUE,contradiction_flagged,oil_fat,neutral oil,neutral vegetable oil,SUBSUMES,medium,,neutral oil,,,,"""Neutral oil"" is the bare generic; ""neutral vegetable oil"" names vegetable oil specifically.",vegetable,false,signature [vegetable] received SUBSUMES + SYNONYM — neutral oil (such as canola) ~ neutral oil (such as vegetable or canola oil) => SYNONYM; neutral oil (such as canola) ~ neutral oil (such as vegetable or canola) => SYNONYM; neutral oil (such as canola) ~ neutral oil (vegetable or canola) => SYNONYM; neutral oil ~ neutral oil (such as vegetable oil) => SYNONYM; neutral oil ~ neutral vegetable oil => SUBSUMES,,
RESIDUE,contradiction_flagged,oil_fat,neutral vegetable oil,vegetable oil,SYNONYM,high,,,,,,Vegetable oil is inherently neutral; both names buy the same bottle.,neutral,false,"signature [neutral] received SUBSUMES + SYNONYM — neutral oil (such as vegetable oil) ~ vegetable oil => SUBSUMES; neutral vegetable oil ~ vegetable oil => SYNONYM | same base, descriptor difference, received SUBSUMES + SYNONYM — neutral oil (such as vegetable oil) ~ vegetable oil [neutral] => SUBSUMES; neutral vegetable oil ~ vegetable oil [neutral] => SYNONYM",,
RESIDUE,confidence_medium,oil_fat,sesame oil,toasted sesame oil,SUBSUMES,medium,,sesame oil,,,,"""Sesame oil"" bare is the unqualified generic; toasted sesame oil fixes the style. First name is the generic.",toasted,true,,,
RESIDUE,confidence_medium,pepper_corn,bell peppers,"green bell pepper, diced",SUBSUMES,medium,,bell peppers,,,,Bare generic vs colour-specific; 'diced' merely transforms and discards nothing.,diced|green,false,,,
RESIDUE,confidence_low,pepper_corn,bell peppers,roasted red bell pepper,SUBSUMES,low,,bell peppers,,,,"Bare generic vs colour+preparation specific; a roasted red pepper is a kind of bell pepper, though it may be bought jarred.",red|roasted,true,,,
RESIDUE,confidence_medium,pepper_corn,"black pepper, coarsely ground","black pepper, freshly ground",DISTINCT,medium,,,,,,"'coarsely' fixes grind size, 'freshly' fixes freshness; different axes, neither covers the other.",coarsely|freshly,false,,,
RESIDUE,confidence_medium,pepper_corn,"black pepper, coarsely ground","black pepper, ground",SUBSUMES,medium,,"black pepper, ground",,,,"'black pepper, ground' leaves grind size open; coarsely ground is a specific kind.",coarsely,false,,,
RESIDUE,confidence_medium,pepper_corn,"black pepper, coarsely ground",freshly ground black pepper,DISTINCT,medium,,,,,,Grind-size qualifier vs freshness qualifier; different axes.,coarsely|freshly,false,,,
RESIDUE,confidence_medium,pepper_corn,"black pepper, coarsely ground",ground black pepper,SUBSUMES,medium,,ground black pepper,,,,'ground black pepper' is grind-unspecified generic; coarsely ground is specific.,coarsely,false,,,
RESIDUE,confidence_medium,pepper_corn,"black pepper, freshly ground","black pepper, ground",SUBSUMES,medium,,"black pepper, ground",,,,"'black pepper, ground' is unspecified on freshness; freshly ground is a specific case.",freshly,false,,,
RESIDUE,confidence_medium,pepper_corn,"black pepper, freshly ground",coarsely ground black pepper,DISTINCT,medium,,,,,,Freshness axis vs grind-size axis; neither contains the other.,coarsely|freshly,false,,,
RESIDUE,confidence_medium,pepper_corn,"black pepper, freshly ground",ground black pepper,SUBSUMES,medium,,ground black pepper,,,,'ground black pepper' is the freshness-unspecified generic.,freshly,false,,,
RESIDUE,confidence_medium,pepper_corn,"black pepper, ground",coarsely ground black pepper,SUBSUMES,medium,,"black pepper, ground",,,,Grind-unspecified ground pepper subsumes coarsely ground.,coarsely,false,,,
RESIDUE,confidence_medium,pepper_corn,"black pepper, ground",freshly ground black pepper,SUBSUMES,medium,,"black pepper, ground",,,,Ground pepper unspecified on freshness subsumes freshly ground.,freshly,false,,,
RESIDUE,confidence_medium,pepper_corn,black pepper,"black pepper, coarsely ground",SUBSUMES,medium,,black pepper,,,,Bare 'black pepper' is unspecified on grind; coarsely ground is specific.,coarsely|ground,true,,,
RESIDUE,confidence_medium,pepper_corn,black pepper,"black pepper, freshly ground",SUBSUMES,medium,,black pepper,,,,Bare 'black pepper' subsumes the freshly ground form.,freshly|ground,true,,,
RESIDUE,confidence_medium,pepper_corn,black pepper,"black pepper, ground",SUBSUMES,medium,,black pepper,,,,Bare 'black pepper' subsumes ground black pepper.,ground,true,,,
RESIDUE,confidence_medium,pepper_corn,black pepper,coarsely cracked black pepper,SUBSUMES,medium,,black pepper,,,,Bare generic vs a specific crack/grind form.,coarsely|cracked,false,,,
RESIDUE,confidence_medium,pepper_corn,black pepper,coarsely ground black pepper,SUBSUMES,medium,,black pepper,,,,Bare generic vs coarsely ground specific.,coarsely|ground,true,,,
RESIDUE,confidence_medium,pepper_corn,black pepper,freshly ground black pepper,SUBSUMES,medium,,black pepper,,,,Bare generic vs freshly ground specific.,freshly|ground,true,,,
RESIDUE,confidence_medium,pepper_corn,black pepper,ground black pepper,SUBSUMES,medium,,black pepper,,,,Bare generic vs pre-ground specific.,ground,true,,,
RESIDUE,confidence_medium,pepper_corn,coarsely ground black pepper,freshly ground black pepper,DISTINCT,medium,,,,,,Grind-size axis vs freshness axis; neither contains the other.,coarsely|freshly,false,,,
RESIDUE,confidence_medium,pepper_corn,coarsely ground black pepper,ground black pepper,SUBSUMES,medium,,ground black pepper,,,,'ground black pepper' is the grind-unspecified generic.,coarsely,false,,,
RESIDUE,confidence_medium,pepper_corn,crushed red pepper flakes,dried red pepper flakes,SYNONYM,medium,,,,,,Both names describe the same jar of crushed dried red chile flakes.,crushed|dried,true,,,
RESIDUE,confidence_medium,pepper_corn,crushed red pepper flakes,red pepper flakes,SYNONYM,medium,,,,,,Red pepper flakes are crushed red pepper; same shelf product.,crushed,true,,,
RESIDUE,confidence_medium,pepper_corn,dried red pepper flakes,red pepper flakes,SYNONYM,medium,,,,,,Pepper flakes are dried by definition; same product.,dried,true,,,
RESIDUE,confidence_medium,pepper_corn,freshly ground black pepper,ground black pepper,SUBSUMES,medium,,ground black pepper,,,,'ground black pepper' is unspecified on freshness; freshly ground is specific.,freshly,false,,,
RESIDUE,confidence_medium,pepper_corn,gochugaru (korean red pepper flakes),red pepper flakes,DISTINCT,medium,,,,,,"Gochugaru is a different product (fine Korean chile powder/flake, milder) than Italian-style crushed red pepper flakes.",gochugaru|korean,false,,,
RESIDUE,confidence_medium,pepper_corn,ground white pepper,white pepper,SUBSUMES,medium,,white pepper,,,,'white pepper' is the bare generic (could be whole or ground); ground is the specific form.,ground,true,,,
RESIDUE,confidence_medium,pepper_corn,jarred roasted red peppers,roasted red peppers,SUBSUMES,medium,,roasted red peppers,,,,'roasted red peppers' is generic as to packaging; jarred is the specific form.,jarred,true,,,
RESIDUE,confidence_medium,pepper_corn,red bell pepper,roasted red bell pepper,DISTINCT,medium,,,,,,"Roasted peppers require roasting/peeling work or a separate jar, like peppercorns vs ground pepper.",roasted,true,,,
RESIDUE,confidence_medium,pepper_corn,roasted red bell pepper,roasted red peppers,SUBSUMES,medium,,roasted red peppers,,,,'roasted red peppers' is the broader name; roasted red bell pepper is a specific kind.,bell,false,,,
RESIDUE,contradiction_flagged,tomato,"beefsteak tomatoes, thinly sliced",ripe beefsteak tomatoes,SUBSUMES,medium,,"beefsteak tomatoes, thinly sliced",,,,Sliced beefsteak is just beefsteak tomatoes (bare on ripeness); 'ripe' fixes that axis.,ripe|sliced|thinly,false,"SUBSUMES declares ""beefsteak tomatoes, thinly sliced"" generic over ""ripe beefsteak tomatoes"", but the declared generic is not the less-qualified name — two specifics are DISTINCT, never SUBSUMES (D-WS9-202)",,
RESIDUE,confidence_medium,tomato,beefsteak tomato,ripe beefsteak tomatoes,SUBSUMES,medium,,beefsteak tomato,,,,'beefsteak tomato' is unspecified on ripeness; 'ripe beefsteak' fixes it.,ripe,false,,,
RESIDUE,confidence_medium,tomato,canned crushed san marzano tomatoes,san marzano tomatoes,SUBSUMES,medium,,san marzano tomatoes,,,,'san marzano tomatoes' is bare on form; crushed canned is a specific form.,canned|crushed,true,,,
RESIDUE,confidence_medium,tomato,canned crushed san marzano tomatoes,tomato,SUBSUMES,medium,,tomato,,,,"Bare 'tomato' is unspecified on every axis, including canned form.",canned|crushed|marzano|san,true,,,
RESIDUE,confidence_medium,tomato,canned crushed tomatoes,tomato,SUBSUMES,medium,,tomato,,,,Bare 'tomato' subsumes the canned crushed form.,canned|crushed,true,,,
RESIDUE,confidence_medium,tomato,canned diced tomatoes with green chiles (rotel),diced tomatoes,DISTINCT,medium,,,,,,Rotel contains green chiles; a different can from plain diced tomatoes.,canned|chili|green|rotel,true,,,
RESIDUE,confidence_medium,tomato,canned diced tomatoes with green chiles (rotel),tomato,DISTINCT,medium,,,,,,"Compound product with added chiles, not merely a kind of tomato.",canned|chili|diced|green|rotel,true,,,
RESIDUE,confidence_medium,tomato,canned diced tomatoes with green chiles,diced tomatoes,DISTINCT,medium,,,,,,Added green chiles makes a different can from plain diced tomatoes.,canned|chili|green,true,,,
RESIDUE,confidence_medium,tomato,canned diced tomatoes with green chiles,tomato,DISTINCT,medium,,,,,,"Compound tomato-and-chile product, not a plain tomato.",canned|chili|diced|green,true,,,
RESIDUE,confidence_medium,tomato,canned diced tomatoes,canned diced tomatoes with green chiles,DISTINCT,medium,,,,,,Plain diced can vs chile-added can: two purchases.,chili|green,false,,,
RESIDUE,confidence_medium,tomato,canned diced tomatoes,canned diced tomatoes with green chiles (rotel),DISTINCT,medium,,,,,,Plain diced can vs Rotel: two purchases.,chili|green|rotel,false,,,
RESIDUE,confidence_medium,tomato,canned diced tomatoes,canned fire-roasted diced tomatoes,SUBSUMES,medium,,canned diced tomatoes,,,,Plain canned diced is bare on treatment; fire-roasted fixes that axis.,fire|roasted,true,,,
RESIDUE,confidence_medium,tomato,canned diced tomatoes,tomato,SUBSUMES,medium,,tomato,,,,Bare 'tomato' subsumes the canned diced form.,canned|diced,true,,,
RESIDUE,confidence_medium,tomato,canned fire-roasted diced tomatoes,diced tomatoes,SUBSUMES,medium,,diced tomatoes,,,,'diced tomatoes' is bare on treatment; fire-roasted is the specific.,canned|fire|roasted,true,,,
RESIDUE,confidence_medium,tomato,canned fire-roasted diced tomatoes,tomato,SUBSUMES,medium,,tomato,,,,Bare 'tomato' subsumes this specific canned form.,canned|diced|fire|roasted,true,,,
RESIDUE,confidence_medium,tomato,canned san marzano crushed tomatoes,san marzano tomatoes,SUBSUMES,medium,,san marzano tomatoes,,,,'san marzano tomatoes' is bare on form; crushed is the specific form.,canned|crushed,true,,,
RESIDUE,confidence_medium,tomato,canned san marzano crushed tomatoes,tomato,SUBSUMES,medium,,tomato,,,,Bare 'tomato' subsumes this specific canned product.,canned|crushed|marzano|san,true,,,
RESIDUE,confidence_medium,tomato,canned san marzano whole peeled tomatoes,canned san marzano whole tomatoes,SYNONYM,medium,,,,,,Canned whole San Marzano tomatoes are peeled; same can.,peeled,false,,,
RESIDUE,confidence_medium,tomato,canned san marzano whole peeled tomatoes,san marzano tomatoes,SUBSUMES,medium,,san marzano tomatoes,,,,'san marzano tomatoes' is bare on form; whole peeled canned is specific.,canned|peeled|whole,true,,,
RESIDUE,confidence_medium,tomato,canned san marzano whole peeled tomatoes,tomato,SUBSUMES,medium,,tomato,,,,Bare 'tomato' subsumes this specific canned product.,canned|marzano|peeled|san|whole,true,,,
RESIDUE,confidence_medium,tomato,canned san marzano whole tomatoes,san marzano tomatoes,SUBSUMES,medium,,san marzano tomatoes,,,,'san marzano tomatoes' is the bare form-unspecified name.,canned|whole,true,,,
RESIDUE,confidence_medium,tomato,canned san marzano whole tomatoes,tomato,SUBSUMES,medium,,tomato,,,,Bare 'tomato' subsumes this specific canned product.,canned|marzano|san|whole,true,,,
RESIDUE,confidence_medium,tomato,canned whole peeled tomatoes,tomato,SUBSUMES,medium,,tomato,,,,Bare 'tomato' subsumes the canned whole peeled form.,canned|peeled|whole,true,,,
RESIDUE,confidence_medium,tomato,canned whole san marzano tomatoes,san marzano tomatoes,SUBSUMES,medium,,san marzano tomatoes,,,,'san marzano tomatoes' is bare on form; canned whole is specific.,canned|whole,true,,,
RESIDUE,confidence_medium,tomato,canned whole san marzano tomatoes,tomato,SUBSUMES,medium,,tomato,,,,Bare 'tomato' subsumes this specific canned product.,canned|marzano|san|whole,true,,,
RESIDUE,confidence_medium,tomato,crushed canned tomatoes,tomato,SUBSUMES,medium,,tomato,,,,Bare 'tomato' subsumes the canned crushed form.,canned|crushed,true,,,
RESIDUE,confidence_medium,tomato,crushed fire-roasted tomatoes,crushed tomatoes,SUBSUMES,medium,,crushed tomatoes,,,,'crushed tomatoes' is bare on treatment; fire-roasted is specific.,fire|roasted,true,,,
RESIDUE,confidence_medium,tomato,crushed fire-roasted tomatoes,tomato,SUBSUMES,medium,,tomato,,,,Bare 'tomato' subsumes this canned form.,crushed|fire|roasted,true,,,
RESIDUE,confidence_medium,tomato,crushed san marzano tomatoes,san marzano tomatoes,SUBSUMES,medium,,san marzano tomatoes,,,,'san marzano tomatoes' is bare on form; crushed is specific.,crushed,true,,,
RESIDUE,confidence_medium,tomato,crushed san marzano tomatoes,tomato,SUBSUMES,medium,,tomato,,,,Bare 'tomato' subsumes this specific product.,crushed|marzano|san,true,,,
RESIDUE,confidence_medium,tomato,"crushed tomatoes, canned",tomato,SUBSUMES,medium,,tomato,,,,Bare 'tomato' subsumes the canned crushed form.,canned|crushed,true,,,
RESIDUE,confidence_medium,tomato,crushed tomatoes,fire-roasted crushed tomatoes,SUBSUMES,medium,,crushed tomatoes,,,,Bare-treatment crushed tomatoes subsumes fire-roasted crushed.,fire|roasted,true,,,
RESIDUE,confidence_medium,tomato,crushed tomatoes,tomato,SUBSUMES,medium,,tomato,,,,Bare 'tomato' subsumes crushed tomatoes.,crushed,true,,,
RESIDUE,confidence_medium,tomato,diced fire-roasted tomatoes,diced tomatoes,SUBSUMES,medium,,diced tomatoes,,,,'diced tomatoes' is bare on treatment; fire-roasted is specific.,fire|roasted,true,,,
RESIDUE,confidence_medium,tomato,diced fire-roasted tomatoes,tomato,SUBSUMES,medium,,tomato,,,,Bare 'tomato' subsumes this canned form.,diced|fire|roasted,true,,,
RESIDUE,confidence_medium,tomato,diced tomatoes with green chiles,tomato,DISTINCT,medium,,,,,,"Tomato-and-chile compound product, not simply a tomato.",chili|diced|green,false,,,
RESIDUE,confidence_medium,tomato,diced tomatoes,diced tomatoes with green chiles,DISTINCT,medium,,,,,,Added green chiles makes a different can from plain diced tomatoes.,chili|green,false,,,
RESIDUE,confidence_medium,tomato,diced tomatoes,fire-roasted diced tomatoes,SUBSUMES,medium,,diced tomatoes,,,,Bare-treatment diced tomatoes subsumes fire-roasted diced.,fire|roasted,true,,,
RESIDUE,confidence_medium,tomato,diced tomatoes,tomato,SUBSUMES,medium,,tomato,,,,Bare 'tomato' subsumes canned diced tomatoes.,diced,false,,,
RESIDUE,confidence_medium,tomato,fire-roasted crushed tomatoes,tomato,SUBSUMES,medium,,tomato,,,,Bare 'tomato' subsumes this canned form.,crushed|fire|roasted,true,,,
RESIDUE,confidence_medium,tomato,fire-roasted diced tomatoes,tomato,SUBSUMES,medium,,tomato,,,,Bare 'tomato' subsumes this canned form.,diced|fire|roasted,true,,,
RESIDUE,contradiction_flagged,tomato,"fresh tomatoes, roughly chopped",ripe tomato,SUBSUMES,low,,"fresh tomatoes, roughly chopped",,,,"Chopped fresh tomatoes are just fresh tomatoes, unspecified on ripeness; 'ripe' fixes it.",chopped|fresh|ripe|roughly,true,"SUBSUMES declares ""fresh tomatoes, roughly chopped"" generic over ""ripe tomato"", but the declared generic is not the less-qualified name — two specifics are DISTINCT, never SUBSUMES (D-WS9-202)",,
RESIDUE,confidence_medium,tomato,"fresh tomatoes, roughly chopped",tomato,SUBSUMES,medium,,tomato,,,,Bare 'tomato' subsumes fresh tomatoes.,chopped|fresh|roughly,true,,,
RESIDUE,contradiction_flagged,tomato,fresh tomatoes,ripe tomato,SUBSUMES,low,,fresh tomatoes,,,,'fresh tomatoes' is unspecified on ripeness; 'ripe tomato' fixes it.,fresh|ripe,true,"SUBSUMES declares ""fresh tomatoes"" generic over ""ripe tomato"", but the declared generic is not the less-qualified name — two specifics are DISTINCT, never SUBSUMES (D-WS9-202)",,
RESIDUE,confidence_medium,tomato,fresh tomatoes,tomato,SUBSUMES,medium,,tomato,,,,Bare 'tomato' is unspecified on form; 'fresh' fixes it.,fresh,true,,,
RESIDUE,confidence_medium,tomato,ripe beefsteak tomatoes,ripe tomato,SUBSUMES,medium,,ripe tomato,,,,'ripe tomato' is bare on variety; ripe beefsteak fixes variety.,beefsteak,false,,,
RESIDUE,confidence_medium,tomato,ripe roma tomatoes,ripe tomato,SUBSUMES,medium,,ripe tomato,,,,'ripe tomato' is bare on variety; ripe roma fixes variety.,roma,false,,,
RESIDUE,confidence_medium,tomato,ripe roma tomatoes,roma tomatoes,SUBSUMES,medium,,roma tomatoes,,,,'roma tomatoes' is unspecified on ripeness; 'ripe roma' fixes it.,ripe,false,,,
RESIDUE,contradiction_flagged,tomato,ripe roma tomatoes,"roma tomatoes, halved",SUBSUMES,medium,,"roma tomatoes, halved",,,,"Halved roma tomatoes are just roma tomatoes, bare on ripeness.",halved|ripe,false,"SUBSUMES declares ""roma tomatoes, halved"" generic over ""ripe roma tomatoes"", but the declared generic is not the less-qualified name — two specifics are DISTINCT, never SUBSUMES (D-WS9-202)",,
RESIDUE,contradiction_flagged,tomato,ripe roma tomatoes,"roma tomatoes, roughly chopped",SUBSUMES,medium,,"roma tomatoes, roughly chopped",,,,"Chopped roma tomatoes are just roma tomatoes, bare on ripeness.",chopped|ripe|roughly,false,"SUBSUMES declares ""roma tomatoes, roughly chopped"" generic over ""ripe roma tomatoes"", but the declared generic is not the less-qualified name — two specifics are DISTINCT, never SUBSUMES (D-WS9-202)",,
RESIDUE,confidence_medium,tomato,ripe tomato,tomato,SUBSUMES,medium,,tomato,,,,Bare 'tomato' is unspecified on ripeness; 'ripe' fixes it.,ripe,false,,,
RESIDUE,confidence_medium,tomato,san marzano crushed tomatoes,san marzano tomatoes,SUBSUMES,medium,,san marzano tomatoes,,,,'san marzano tomatoes' is bare on form; crushed is the specific form.,crushed,true,,,
RESIDUE,confidence_medium,tomato,san marzano crushed tomatoes,tomato,SUBSUMES,medium,,tomato,,,,Bare 'tomato' subsumes this specific product.,crushed|marzano|san,true,,,
RESIDUE,confidence_medium,tomato,san marzano tomatoes,san marzano whole peeled tomatoes,SUBSUMES,medium,,san marzano tomatoes,,,,Bare 'san marzano tomatoes' subsumes the whole peeled canned form.,peeled|whole,true,,,
RESIDUE,confidence_medium,tomato,san marzano tomatoes,whole peeled san marzano tomatoes,SUBSUMES,medium,,san marzano tomatoes,,,,Bare 'san marzano tomatoes' subsumes the whole peeled form.,peeled|whole,true,,,
RESIDUE,confidence_medium,tomato,san marzano tomatoes,whole san marzano tomatoes,SUBSUMES,medium,,san marzano tomatoes,,,,Bare 'san marzano tomatoes' subsumes the whole canned form.,whole,true,,,
RESIDUE,confidence_medium,tomato,san marzano whole peeled tomatoes,tomato,SUBSUMES,medium,,tomato,,,,Bare 'tomato' subsumes this specific canned product.,marzano|peeled|san|whole,true,,,
RESIDUE,confidence_medium,tomato,tomato,whole canned tomatoes,SUBSUMES,medium,,tomato,,,,Bare 'tomato' subsumes canned whole tomatoes.,canned|whole,true,,,
RESIDUE,confidence_medium,tomato,tomato,whole peeled san marzano tomatoes,SUBSUMES,medium,,tomato,,,,Bare 'tomato' subsumes whole peeled San Marzano tomatoes.,marzano|peeled|san|whole,true,,,
RESIDUE,confidence_medium,tomato,tomato,whole peeled tomatoes,SUBSUMES,medium,,tomato,,,,Bare 'tomato' subsumes canned whole peeled tomatoes.,peeled|whole,true,,,
RESIDUE,confidence_medium,tomato,tomato,whole san marzano tomatoes,SUBSUMES,medium,,tomato,,,,Bare 'tomato' subsumes whole San Marzano tomatoes.,marzano|san|whole,true,,,
RESIDUE,confidence_medium,tomato,whole canned tomatoes,whole peeled tomatoes,SYNONYM,medium,,,,,,Canned whole tomatoes are sold peeled; same can.,canned|peeled,true,,,
SPOTCHECK,auto_accepted_spot_check,tomato,canned whole peeled tomatoes,diced tomatoes,DISTINCT,high,,,,,,Whole peeled can vs diced can.,canned|diced|peeled|whole,true,,,
SPOTCHECK,auto_accepted_spot_check,pepper_corn,green bell pepper,red bell pepper,DISTINCT,high,,,,,,Two colour specifics.,green|red,false,,,
SPOTCHECK,auto_accepted_spot_check,tomato,canned fire-roasted diced tomatoes,fire-roasted diced tomatoes,SYNONYM,high,,,,,,Same can; 'canned' implicit.,canned,true,,,
SPOTCHECK,auto_accepted_spot_check,allium,"red onion, thinly sliced",yellow onion,DISTINCT,high,,,,,,Red versus yellow onion.,red|sliced|thinly|yellow,false,,,
SPOTCHECK,auto_accepted_spot_check,tomato,canned san marzano whole peeled tomatoes,whole peeled san marzano tomatoes,SYNONYM,high,,,,,,"Same can, word order differs.",canned,true,,,
SPOTCHECK,auto_accepted_spot_check,allium,"red onion, thinly sliced","white onion, diced",DISTINCT,high,,,,,,Red versus white onion.,diced|red|sliced|thinly|white,false,,,
SPOTCHECK,auto_accepted_spot_check,tomato,tomato,tomato passata,DISTINCT,high,,,,,,"Passata is a processed bottled product, a separate purchase.",passata,false,,,
SPOTCHECK,auto_accepted_spot_check,tomato,canned fire-roasted diced tomatoes,crushed fire-roasted tomatoes,DISTINCT,high,,,,,,Diced vs crushed: different cans.,canned|crushed|diced,true,,,
SPOTCHECK,auto_accepted_spot_check,allium,garlic head,head of garlic,SYNONYM,high,,,,,,"Same item, wording reversed.",(identical),false,,,
SPOTCHECK,auto_accepted_spot_check,tomato,canned crushed san marzano tomatoes,canned san marzano whole peeled tomatoes,DISTINCT,high,,,,,,Crushed can vs whole peeled can: two different cans.,crushed|peeled|whole,true,,,
SPOTCHECK,auto_accepted_spot_check,tomato,canned crushed san marzano tomatoes,san marzano whole peeled tomatoes,DISTINCT,high,,,,,,Crushed can vs whole peeled can.,canned|crushed|peeled|whole,true,,,
SPOTCHECK,auto_accepted_spot_check,allium,garlic,garlic powder,DISTINCT,high,,,,,,Dried ground spice versus fresh garlic; separate purchase.,powder,true,,,
SPOTCHECK,auto_accepted_spot_check,pepper_corn,"green bell pepper, diced",red bell pepper,DISTINCT,high,,,,,,Two colour specifics; two purchases.,diced|green|red,false,,,
SPOTCHECK,auto_accepted_spot_check,allium,white onion,"yellow onions, finely diced",DISTINCT,high,,,,,,White versus yellow onion.,diced|finely|white|yellow,false,,,
SPOTCHECK,auto_accepted_spot_check,tomato,canned crushed tomatoes,crushed tomatoes,SYNONYM,high,,,,,,Crushed tomatoes are sold canned; same product.,canned,true,,,
SPOTCHECK,auto_accepted_spot_check,allium,onion,"yellow onions, finely diced",SUBSUMES,high,,onion,,,,Bare generic 'onion' subsumes yellow onion; dicing is prep only.,diced|finely|yellow,false,,,
SPOTCHECK,auto_accepted_spot_check,pepper_corn,"black pepper, ground",ground black pepper,SYNONYM,high,,,,,,"Same product, word order only.",(identical),false,,,
SPOTCHECK,auto_accepted_spot_check,allium,large yellow onion,red onion,DISTINCT,high,,,,,,Yellow versus red onion.,large|red|yellow,false,,,
SPOTCHECK,auto_accepted_spot_check,tomato,fresh tomatoes,whole canned tomatoes,DISTINCT,high,,,,,,Fresh produce vs a can.,canned|fresh|whole,true,,,
SPOTCHECK,auto_accepted_spot_check,allium,"red onion, thinly sliced",white onion,DISTINCT,high,,,,,,Red versus white onion.,red|sliced|thinly|white,false,,,
SPOTCHECK,auto_accepted_spot_check,allium,"yellow onions, finely diced","yellow onions, thinly sliced",SYNONYM,high,,,,,,"Same yellow onion, two cuts.",diced|finely|sliced|thinly,false,,,
SPOTCHECK,auto_accepted_spot_check,tomato,condensed tomato soup,tomato,DISTINCT,high,,,,,,Canned condensed soup is a separate product from tomatoes.,condensed|soup,false,,,
SPOTCHECK,auto_accepted_spot_check,tomato,canned san marzano crushed tomatoes,canned whole san marzano tomatoes,DISTINCT,high,,,,,,Crushed vs whole: different cans.,crushed|whole,true,,,
SPOTCHECK,auto_accepted_spot_check,tomato,crushed fire-roasted tomatoes,fire-roasted diced tomatoes,DISTINCT,high,,,,,,Crushed vs diced: different cans.,crushed|diced,true,,,
SPOTCHECK,auto_accepted_spot_check,pepper_corn,green bell pepper,large bell peppers,DISTINCT,high,,,,,,Colour axis vs size axis; neither covers the other.,green|large,false,,,
SPOTCHECK,auto_accepted_spot_check,allium,yellow onion,"yellow onions, finely diced",SYNONYM,high,,,,,,Fine dicing transforms the whole purchase.,diced|finely,false,,,
SPOTCHECK,auto_accepted_spot_check,allium,leeks,"leeks, white and light green parts only",COMPONENT,high,leeks,,0.5,each,true,"The dark green tops are discarded, so a leek yields only about half its length.",green|light|only|part|white,false,,,
SPOTCHECK,auto_accepted_spot_check,tomato,canned crushed tomatoes,diced tomatoes,DISTINCT,high,,,,,,Crushed can vs diced can.,canned|crushed|diced,true,,,
SPOTCHECK,auto_accepted_spot_check,allium,chili-garlic sauce,garlic,DISTINCT,high,,,,,,Bottled chili-garlic sauce is a different product from fresh garlic.,chili|sauce,true,,,
SPOTCHECK,auto_accepted_spot_check,allium,diced white onion,medium yellow onion,DISTINCT,high,,,,,,"White versus yellow onion; both qualified, different products.",diced|medium|white|yellow,false,,,
SPOTCHECK,auto_accepted_spot_check,tomato,crushed tomatoes,whole peeled tomatoes,DISTINCT,high,,,,,,Crushed can vs whole peeled can.,crushed|peeled|whole,true,,,
SPOTCHECK,auto_accepted_spot_check,tomato,canned whole peeled tomatoes,ripe tomato,DISTINCT,high,,,,,,Canned vs fresh produce.,canned|peeled|ripe|whole,true,,,
SPOTCHECK,auto_accepted_spot_check,tomato,canned san marzano crushed tomatoes,canned san marzano whole tomatoes,DISTINCT,high,,,,,,Crushed vs whole: different cans.,crushed|whole,true,,,
SPOTCHECK,auto_accepted_spot_check,allium,garlic,"garlic, minced",SYNONYM,high,,,,,,Mincing transforms the whole purchase.,minced,false,,,
SPOTCHECK,auto_accepted_spot_check,allium,onion,"red onion, thinly sliced",SUBSUMES,high,,onion,,,,Bare generic 'onion' subsumes red onion (slicing is only prep).,red|sliced|thinly,false,,,
SPOTCHECK,auto_accepted_spot_check,tomato,canned san marzano whole peeled tomatoes,san marzano crushed tomatoes,DISTINCT,high,,,,,,Whole peeled vs crushed: different cans.,canned|crushed|peeled|whole,true,,,
SPOTCHECK,auto_accepted_spot_check,allium,scallions,"scallions, thinly sliced, for garnish",SYNONYM,high,,,,,,Slicing transforms the whole bunch; garnish note is irrelevant to purchase.,garnish|sliced|thinly,false,,,
SPOTCHECK,auto_accepted_spot_check,pepper_corn,coarsely ground black pepper,roasted red peppers,DISTINCT,high,,,,,,Spice vs roasted vegetable.,black|coarsely|ground|red|roasted,true,,,
SPOTCHECK,auto_accepted_spot_check,allium,large yellow onion,"white onion, diced",DISTINCT,high,,,,,,Yellow versus white onion.,diced|large|white|yellow,false,,,
SPOTCHECK,auto_accepted_spot_check,tomato,canned san marzano whole tomatoes,whole peeled san marzano tomatoes,SYNONYM,high,,,,,,"Same can, phrasing differs.",canned|peeled,true,,,
SPOTCHECK,auto_accepted_spot_check,tomato,beefsteak tomato,"beefsteak tomatoes, thinly sliced",SYNONYM,high,,,,,,"Slicing transforms; nothing discarded, same purchase.",sliced|thinly,false,,,
SPOTCHECK,auto_accepted_spot_check,allium,red onion,sliced green onions,DISTINCT,high,,,,,,Red bulb onion versus green onions.,green|red|sliced,false,,,
SPOTCHECK,auto_accepted_spot_check,allium,"yellow onion, roughly chopped","yellow onions, thinly sliced",SYNONYM,high,,,,,,"Same yellow onion, two cuts.",chopped|roughly|sliced|thinly,false,,,
SPOTCHECK,auto_accepted_spot_check,tomato,canned whole san marzano tomatoes,crushed san marzano tomatoes,DISTINCT,high,,,,,,Whole vs crushed: different cans.,canned|crushed|whole,true,,,
SPOTCHECK,auto_accepted_spot_check,tomato,canned whole peeled tomatoes,whole canned tomatoes,SYNONYM,high,,,,,,Same can; canned whole tomatoes are peeled.,peeled,false,,,
SPOTCHECK,auto_accepted_spot_check,tomato,canned diced tomatoes,ripe tomato,DISTINCT,high,,,,,,Canned diced vs fresh ripe tomato.,canned|diced|ripe,true,,,
SPOTCHECK,auto_accepted_spot_check,pepper_corn,"black pepper, ground",white pepper,DISTINCT,high,,,,,,Different spices.,black|ground|white,true,,,
SPOTCHECK,auto_accepted_spot_check,allium,large yellow onion,onion,SUBSUMES,high,,onion,,,,'onion' is the bare generic and is satisfied by a large yellow onion.,large|yellow,false,,,
SPOTCHECK,auto_accepted_spot_check,allium,diced white onion,"white onion, roughly chopped",SYNONYM,high,,,,,,"Both are the same white onion, cut differently; nothing discarded.",chopped|diced|roughly,false,,,
SPOTCHECK,auto_accepted_spot_check,allium,green onions,"yellow onion, diced",DISTINCT,high,,,,,,Green onions versus yellow bulb onion.,diced|green|yellow,false,,,
SPOTCHECK,auto_accepted_spot_check,pepper_corn,jarred roasted red peppers,white pepper,DISTINCT,high,,,,,,Jarred vegetable vs a spice.,jarred|red|roasted|white,true,,,
SPOTCHECK,auto_accepted_spot_check,tomato,sun-dried tomatoes in oil,tomato,DISTINCT,high,,,,,,Sun-dried tomatoes packed in oil are a separate pantry product.,dried|oil|sun,true,,,
SPOTCHECK,auto_accepted_spot_check,allium,diced white onion,"red onion, thinly sliced",DISTINCT,high,,,,,,White versus red onion; prep wording does not bridge the colour difference.,diced|red|sliced|thinly|white,false,,,
SPOTCHECK,auto_accepted_spot_check,tomato,san marzano whole peeled tomatoes,whole san marzano tomatoes,SYNONYM,high,,,,,,Same can; canned whole San Marzanos are peeled.,peeled,false,,,
SPOTCHECK,auto_accepted_spot_check,tomato,san marzano whole peeled tomatoes,whole peeled tomatoes,SUBSUMES,high,,whole peeled tomatoes,,,,Generic whole peeled tomatoes vs San Marzano-specific.,marzano|san,false,,,
SPOTCHECK,auto_accepted_spot_check,pepper_corn,green bell pepper,roasted red bell pepper,DISTINCT,high,,,,,,Different colour and different preparation.,green|red|roasted,true,,,
SPOTCHECK,auto_accepted_spot_check,allium,red onion,white onion,DISTINCT,high,,,,,,Red versus white onion.,red|white,false,,,
SPOTCHECK,auto_accepted_spot_check,pepper_corn,"black pepper, coarsely ground",coarsely ground black pepper,SYNONYM,high,,,,,,"Same product, word order only.",(identical),false,,,
SPOTCHECK,auto_accepted_spot_check,pepper_corn,coarsely ground black pepper,white pepper,DISTINCT,high,,,,,,Different spices.,black|coarsely|ground|white,true,,,
SPOTCHECK,auto_accepted_spot_check,oil_fat,extra virgin olive oil,extra-virgin olive oil,SYNONYM,high,,,,,,"Identical name, hyphenation only.",(identical),false,,,
