rank,ingredientId,canonicalName,category,volUses,unitsSeen,fdcId,usdaDescription,source,gramsPerCup,gramsPerEach,cal100g,estKcalContrib,note
1,17823f2b-2375-4ecc-95d9-8acbfa5a8e5b,"long-grain white rice",Pantry,3,"0.75cup 1.5cup",168877,"Rice, white, long-grain, regular, raw, enriched",CURATED_PROPOSED,185,,365,2026,"dry grain"
2,64c65100-d625-4c27-b555-c20115f72db9,"mayonnaise",Pantry,5,"2tablespoon 3tablespoon 0.33cup",171009,"Salad dressing, mayonnaise, regular",CURATED_PROPOSED,220,,680,1429,"condiment"
3,c1132c30-ddf3-49a1-aacc-9632e1f224c5,"quinoa",Pantry,2,"1cup",168874,"Quinoa, uncooked",CURATED_PROPOSED,170,,368,1251,"dry grain"
4,7a30edab-2b3d-4204-86a7-f98b3f9f2ff9,"wild rice",Pantry,1,"1cup",169726,"Wild rice, raw",CURATED_PROPOSED,185,,357,660,"dry grain"
5,89b3a00c-d586-4658-a08e-0354fc9ac5eb,"orzo",Pantry,1,"0.75cup",169736,"Pasta, dry, enriched",CURATED_PROPOSED,200,,371,557,"dry pasta"
6,a4a4313e-9c2c-4312-88cf-d6d4afbaa90f,"shredded whole-milk mozzarella",Dairy,1,"1.5cup",170845,"Cheese, mozzarella, whole milk",CURATED_PROPOSED,113,,299,507,"shredded cheese"
7,73d4f868-c209-4918-b54b-3a11441c46c3,"shredded sharp cheddar cheese",Dairy,1,"1cup",170899,"Cheese, cheddar, sharp, sliced",CURATED_PROPOSED,113,,410,463,"shredded cheese"
8,22331d2c-7ed5-46cc-b32c-2fb35d76b13d,"italian-seasoned breadcrumbs",Pantry,1,"1cup",172806,"Bread, crumbs, dry, grated, seasoned",CURATED_PROPOSED,108,,383,414,"dry breadcrumb"
9,8c3bcce7-36c0-449e-89bb-57f62f5e2802,"yellow cornmeal",Pantry,1,"0.5cup",168039,"Cornmeal, yellow (Navajo)",CURATED_PROPOSED,157,,384,301,"dry meal"
10,7e3ac570-a911-47cb-8e74-deba619258e5,"low-sodium chicken broth",Canned,3,"2.75cup 0.75cup 8cup",171609,"Soup, chicken broth, low sodium, canned",NO_PROPOSAL,,,16,276,"low-impact / model sizes OK"
11,c2f5b970-8511-4145-9b7b-7a84ec5d3675,"buttermilk",Dairy,3,"0.33cup 2cup 0.25cup",172225,"Milk, buttermilk, fluid, whole",NO_PROPOSAL,,,62,240,"low-impact / model sizes OK"
12,3a2709d9-52c2-4a2b-aca3-8b1ab3b9a37f,"dry breadcrumbs",Pantry,1,"0.5cup",174928,"Bread, crumbs, dry, grated, plain",CURATED_PROPOSED,108,,395,213,"dry breadcrumb"
13,019aac74-201a-4b00-9ed1-18180dacc1b6,"sesame seeds",Pantry,2,"2tbsp",170150,"Seeds, sesame seeds, whole, dried",CURATED_PROPOSED,144,,573,206,"seeds"
14,8a1ea1fd-01a7-4fbd-84a5-f538387cbab6,"sliced almonds",Pantry,3,"2tablespoon",170567,"Nuts, almonds",CURATED_PROPOSED,92,,579,200,"nuts"
15,8f62b9df-4fcc-417c-982c-0b8d64397d1d,"pumpkin seeds",Pantry,1,"0.25cup",170556,"Seeds, pumpkin and squash seed kernels, dried",CURATED_PROPOSED,129,,559,180,"seeds"
16,e10a8ae0-cc5c-4fac-8fbf-0b92aa9b9a51,"cotija cheese",Dairy,1,"0.33cup",170898,"Cheese, mexican, queso cotija",CURATED_PROPOSED,120,,366,145,"crumbled cheese"
17,75679482-f7f3-466a-9db5-c552f0fc6969,"ground cumin",Pantry,11,"1teaspoon 0.5teaspoon 1.5teaspoon",170923,"Spices, cumin seed",NO_PROPOSAL,,,375,129,"low-impact / model sizes OK"
18,2e8daed2-3532-4b27-a20a-4f640007bb5e,"dry red wine",Pantry,3,"0.25cup 0.5cup",173190,"Alcoholic beverage, wine, table, red",NO_PROPOSAL,,,85,128,"low-impact / model sizes OK"
19,2aff49c6-46d7-47a2-acee-ca6f6d39614b,"chili powder",Pantry,7,"1.5teaspoon 1teaspoon 2tablespoon 0.5teaspoon",171319,"Spices, chili powder",NO_PROPOSAL,,,282,119,"low-impact / model sizes OK"
20,5239a6f5-25a5-4b8a-a83a-1cddcb4b86af,"black pepper",Pantry,42,"0.25teaspoon 0.5teaspoon 0.125teaspoon 1teaspoon 0.75teaspoon",170931,"Spices, pepper, black",NO_PROPOSAL,,,251,114,"low-impact / model sizes OK"
21,f60a5066-a0e0-46c0-a603-eb1481e6023f,"plain breadcrumbs",Pantry,1,"0.25cup",174928,"Bread, crumbs, dry, grated, plain",CURATED_PROPOSED,108,,395,107,"dry breadcrumb"
22,6c24f73e-e3ef-4393-bf63-0f914da6729e,"panko breadcrumbs",Pantry,2,"3tablespoon 0.33cup",174928,"Bread, crumbs, dry, grated, plain",CURATED_PROPOSED,50,,395,102,"dry breadcrumb"
23,6e4409ac-84d5-4cda-845b-234b219a9194,"smoked paprika",Pantry,16,"0.5teaspoon 1teaspoon 0.75teaspoon 0.25teaspoon 1.5teaspoon",171329,"Spices, paprika",NO_PROPOSAL,,,282,99,"low-impact / model sizes OK"
24,2f911309-d6ae-4ac9-b2fa-2c2ef7112a89,"dried oregano",Pantry,13,"1tbsp 0.5teaspoon 0.25teaspoon 1teaspoon",171328,"Spices, oregano, dried",NO_PROPOSAL,,,265,81,"low-impact / model sizes OK"
25,56b12d21-41cf-47af-8f98-a1af11306ad7,"garlic powder",Pantry,12,"0.5teaspoon 1teaspoon 0.25teaspoon 0.75teaspoon 1.5teaspoon",171325,"Spices, garlic powder",NO_PROPOSAL,,,331,80,"low-impact / model sizes OK"
26,6eb317aa-fc54-44a6-bfae-edc5c12784c5,"white wine",Pantry,1,"0.5cup",174837,"Alcoholic beverage, wine, table, white",NO_PROPOSAL,,,82,62,"low-impact / model sizes OK"
27,e32a229f-4d01-4fc1-9495-49b73d742000,"dry white wine",Pantry,2,"0.25cup",174837,"Alcoholic beverage, wine, table, white",NO_PROPOSAL,,,82,62,"low-impact / model sizes OK"
28,e89f3688-4e92-4918-8391-822fc97bda2c,"ketchup",Pantry,2,"2tablespoon 3tablespoon",747693,"Ketchup, restaurant",NO_PROPOSAL,,,117,55,"low-impact / model sizes OK"
29,d2990c5c-2c44-4a05-9d12-5206313efd25,"grated parmesan",Dairy,1,"2tablespoon",171247,"Cheese, parmesan, grated",CURATED_PROPOSED,100,,420,53,"grated hard cheese"
30,ea9e6b26-95e3-47b3-a6b0-39e072764e07,"plain whole-milk greek yogurt",Dairy,1,"0.25cup",171304,"Yogurt, Greek, plain, whole milk",NO_PROPOSAL,,,97,36,"low-impact / model sizes OK"
31,f3287ad9-32a4-4a9b-b701-0faa71228100,"chicken broth",Canned,4,"0.5cup 1.5cup",174536,"Soup, chicken broth, ready-to-serve",NO_PROPOSAL,,,6,36,"low-impact / model sizes OK"
32,c978dead-0da2-44df-99c8-9d42fe0028b6,"hot sauce",Pantry,3,"2tablespoon 1tablespoon",171186,"Sauce, hot chile, sriracha",NO_PROPOSAL,,,93,35,"low-impact / model sizes OK"
33,c0ca48bb-8a09-428f-98a7-b26b23bae281,"toasted sesame seeds",Pantry,2,"1teaspoon",170151,"Seeds, sesame seeds, whole, roasted and toasted",CURATED_PROPOSED,144,,565,34,"seeds"
34,1113bc19-d945-4744-8994-3cdddee893a5,"red pepper flakes",Pantry,8,"1tsp 1teaspoon 0.125teaspoon 0.25teaspoon",170932,"Spices, pepper, red or cayenne",NO_PROPOSAL,,,318,32,"low-impact / model sizes OK"
35,465709f9-c999-4a56-a826-d352cbaab93b,"beef broth",Canned,4,"0.33cup 0.5cup 0.25cup 2cup",171538,"Soup, beef broth or bouillon canned, ready-to-serve",NO_PROPOSAL,,,7,32,"low-impact / model sizes OK"
36,01ad36bb-96da-478d-9704-c2d66b301887,"oyster sauce",Pantry,3,"2tablespoon",174529,"Sauce, oyster, ready-to-serve",NO_PROPOSAL,,,51,29,"low-impact / model sizes OK"
37,3097daa0-ba99-49a2-9346-e1ea97f86de8,"soy sauce",Pantry,2,"0.25cup 1tablespoon",174278,"Soy sauce made from soy (tamari)",NO_PROPOSAL,,,60,28,"low-impact / model sizes OK"
38,48799fce-4ec0-4182-bf19-ed7db665955b,"plain greek yogurt",Dairy,1,"0.25cup",170903,"Yogurt, Greek, plain, lowfat",NO_PROPOSAL,,,73,27,"low-impact / model sizes OK"
39,5f46e746-c6b6-4332-9830-2e435bb9c0f5,"ground coriander",Pantry,3,"0.5teaspoon 1teaspoon 0.75teaspoon",170922,"Spices, coriander seed",NO_PROPOSAL,,,298,21,"low-impact / model sizes OK"
40,edb8a58f-2314-4ca2-8e4b-9a2a316083bc,"low-sodium beef broth",Canned,1,"2cup",172889,"Soup, beef broth, less/reduced sodium, ready to serve",NO_PROPOSAL,,,6,18,"low-impact / model sizes OK"
41,a5790b3f-a6c2-4e0f-87ea-ea90a90b4af0,"red onion",Produce,1,"0.25cup",790577,"Onions, red, raw",NO_PROPOSAL,,,44,17,"low-impact / model sizes OK"
42,7665424b-4943-41c5-8654-e8291064b99e,"onion powder",Pantry,2,"0.5teaspoon 1teaspoon",171327,"Spices, onion powder",NO_PROPOSAL,,,341,16,"low-impact / model sizes OK"
43,fc28c8da-6319-4e12-acc1-4d84c6edd33c,"fresh rosemary",Produce,2,"1tablespoon 1teaspoon",173473,"Rosemary, fresh",NO_PROPOSAL,,,131,16,"low-impact / model sizes OK"
44,f40a7dfc-1917-4a52-895d-05df64413278,"cayenne pepper",Pantry,6,"0.25teaspoon 0.125teaspoon 0.5teaspoon",170932,"Spices, pepper, red or cayenne",NO_PROPOSAL,,,318,15,"low-impact / model sizes OK"
45,41c08f29-eb73-4326-9387-c54950968a50,"low-sodium chicken stock",Canned,1,"0.5cup",171609,"Soup, chicken broth, low sodium, canned",NO_PROPOSAL,,,16,12,"low-impact / model sizes OK"
46,c83e33eb-4c10-481e-9e47-467c9bd0f464,"ground turmeric",Pantry,3,"0.25teaspoon 0.5teaspoon",172231,"Spices, turmeric, ground",NO_PROPOSAL,,,312,10,"low-impact / model sizes OK"
47,0d363fb7-d089-4b8d-ae8c-680e68c72417,"chicken stock",Canned,1,"3tablespoon",172884,"Soup, stock, chicken, home-prepared",NO_PROPOSAL,,,36,10,"low-impact / model sizes OK"
48,41476c52-8a71-4c72-a727-81289ffc0be7,"mild chili powder",Pantry,1,"1teaspoon",171319,"Spices, chili powder",NO_PROPOSAL,,,282,9,"low-impact / model sizes OK"
49,4f9881d4-cd43-4575-b9cb-d7a3c5099fff,"fresh thyme",Produce,1,"1tablespoon",173470,"Thyme, fresh",NO_PROPOSAL,,,101,9,"low-impact / model sizes OK"
50,c336da16-8447-44b5-976a-a26f1566c47c,"fresh mint",Produce,1,"2tablespoon",173475,"Spearmint, fresh",NO_PROPOSAL,,,44,8,"low-impact / model sizes OK"
51,3f663ad7-3a4e-4fda-a1da-3e30578d40bd,"pickled jalapeño slices",Canned,1,"0.25cup",169766,"Peppers, hot pickled, canned",NO_PROPOSAL,,,22,8,"low-impact / model sizes OK"
52,8d5a7f98-a16a-46a5-a6c7-f4babc5857bb,"crushed red pepper flakes",Pantry,3,"0.25teaspoon",170932,"Spices, pepper, red or cayenne",NO_PROPOSAL,,,318,7,"low-impact / model sizes OK"
53,5d7d8100-42df-4ae1-b636-366424644bb5,"dried basil",Pantry,1,"1teaspoon",171317,"Spices, basil, dried",NO_PROPOSAL,,,233,7,"low-impact / model sizes OK"
54,a7b7127f-cf27-4e9a-8f87-874c9219f035,"fresh chives",Produce,2,"1tablespoon",169994,"Chives, raw",NO_PROPOSAL,,,30,6,"low-impact / model sizes OK"
55,793ecd9e-2662-4a03-bbce-a619031d2107,"dried thyme",Pantry,2,"0.25teaspoon 0.5teaspoon",170938,"Spices, thyme, dried",NO_PROPOSAL,,,276,6,"low-impact / model sizes OK"
56,25987874-479c-455e-8681-80d5dfa75d63,"lemon zest",Produce,3,"1teaspoon 0.5teaspoon",167749,"Lemon peel, raw",NO_PROPOSAL,,,47,3,"low-impact / model sizes OK"
57,ef94f604-94a6-4d42-a130-3c94002e2aa3,"dried rosemary",Pantry,1,"0.25teaspoon",171333,"Spices, rosemary, dried",NO_PROPOSAL,,,331,3,"low-impact / model sizes OK"
58,e9fb396b-7644-4711-bf39-97a109114cb1,"ground cinnamon",Pantry,1,"0.25teaspoon",171320,"Spices, cinnamon, ground",NO_PROPOSAL,,,247,2,"low-impact / model sizes OK"
59,3faa8acb-5064-46d9-a9a1-814e0dbe25c8,"ground allspice",Pantry,1,"0.25teaspoon",171315,"Spices, allspice, ground",NO_PROPOSAL,,,263,2,"low-impact / model sizes OK"
60,de68e7a7-4208-4e08-8f94-cd64df91f27e,"baking powder",Pantry,1,"0.5teaspoon",172805,"Leavening agents, baking powder, low-sodium",NO_PROPOSAL,,,97,2,"low-impact / model sizes OK"
61,93578a62-6efa-4822-93e9-00959f7a43ee,"fresh dill",Produce,2,"1tablespoon 2tablespoon",172233,"Dill weed, fresh",USDA_DERIVED,8.9,,43,1,""
62,303cbdde-1486-4d97-8795-58a06dade4eb,"flaky sea salt",Pantry,1,"0.25teaspoon",173468,"Salt, table",NO_PROPOSAL,,,0,0,"low-impact / model sizes OK"