row_kind,reason,family,name_a,name_b,label,confidence,base_is,yield_qty,yield_unit,co_harvestable,judge_reason,signature,straddles_processing,contradiction_detail,hans_verdict,hans_notes
RESIDUE,contradiction_flagged,allium,chives,dried chives,DISTINCT,high,,,,,"Fresh herb versus dried herb jar, like fresh basil vs dried basil.",dried,true,"same base, prep difference, received DISTINCT + SYNONYM — chives ~ dried chives [dried] => DISTINCT; chives ~ fresh chives [fresh] => SYNONYM",,
RESIDUE,contradiction_flagged,allium,chives,fresh chives,SYNONYM,high,,,,,Unqualified chives means the fresh bunch.,fresh,true,"same base, prep difference, received DISTINCT + SYNONYM — chives ~ dried chives [dried] => DISTINCT; chives ~ fresh chives [fresh] => SYNONYM",,
RESIDUE,confidence_medium,allium,diced white onion,onion,DISTINCT,medium,,,,,"Unqualified onion defaults to the yellow storage onion, not white.",diced|white,false,,,
RESIDUE,contradiction_flagged,allium,fresh garlic,garlic,SYNONYM,high,,,,,"'Fresh garlic' is just garlic as bought, the same bulb.",fresh,true,"same base, prep difference, received COMPONENT + SYNONYM — fresh garlic ~ garlic [fresh] => SYNONYM; garlic ~ garlic, minced [minced] => COMPONENT",,
RESIDUE,confidence_medium,allium,fresh garlic,"garlic, minced",COMPONENT,medium,fresh garlic,10,clove,false,You buy the bulb of fresh garlic and mince cloves out of it.,fresh|minced,true,,,
RESIDUE,confidence_medium,allium,"frozen pearl onions, thawed",pearl onion,DISTINCT,medium,,,,,Frozen bag versus fresh pearl onions are different products/aisles.,frozen|thawed,true,,,
RESIDUE,confidence_medium,allium,frozen pearl onions,pearl onion,DISTINCT,medium,,,,,Frozen versus fresh pearl onions are separate purchases.,frozen,true,,,
RESIDUE,contradiction_flagged,allium,"garlic cloves, minced","garlic, minced",SYNONYM,high,,,,,Minced garlic and minced garlic cloves name the same thing.,clove,false,"signature [clove] received COMPONENT + SYNONYM — garlic cloves, minced ~ garlic, minced => SYNONYM; garlic ~ garlic cloves => COMPONENT",,
RESIDUE,contradiction_flagged,allium,garlic cloves,"garlic cloves, minced",SYNONYM,high,,,,,Mincing is a prep note on the same cloves.,minced,false,"signature [minced] received COMPONENT + SYNONYM — garlic cloves ~ garlic cloves, minced => SYNONYM; garlic ~ garlic, minced => COMPONENT",,
RESIDUE,contradiction_flagged,allium,garlic,garlic cloves,COMPONENT,high,garlic,10,clove,false,You buy the head of garlic; cloves come out of it.,clove,false,"signature [clove] received COMPONENT + SYNONYM — garlic cloves, minced ~ garlic, minced => SYNONYM; garlic ~ garlic cloves => COMPONENT",,
RESIDUE,contradiction_flagged,allium,garlic,"garlic, minced",COMPONENT,high,garlic,10,clove,false,Buy the head; mincing extracts the minced garlic.,minced,false,"signature [minced] received COMPONENT + SYNONYM — garlic cloves ~ garlic cloves, minced => SYNONYM; garlic ~ garlic, minced => COMPONENT | same base, prep difference, received COMPONENT + SYNONYM — fresh garlic ~ garlic [fresh] => SYNONYM; garlic ~ garlic, minced [minced] => COMPONENT",,
RESIDUE,contradiction_flagged,allium,green onions,onion,DISTINCT,high,,,,,A bunch of scallions is not a storage onion.,green,false,"same base, color difference, received DISTINCT + SYNONYM — green onions ~ onion [green] => DISTINCT; onion ~ red onion [red] => DISTINCT; onion ~ white onion [white] => DISTINCT; onion ~ yellow onion [yellow] => SYNONYM",,
RESIDUE,confidence_medium,allium,large yellow onion,medium yellow onion,SYNONYM,medium,,,,,"Same yellow onion product; size is a quantity qualifier, not a different purchase.",large|medium,false,,,
RESIDUE,confidence_medium,allium,large yellow onion,onion,SYNONYM,medium,,,,,Unqualified onion means the yellow storage onion.,large|yellow,false,,,
RESIDUE,confidence_medium,allium,leeks,"leeks, white and light green parts only",SYNONYM,medium,,,,,Same leeks; trimming the tough green tops is standard prep on the purchased bunch.,green|light|only|part|white,false,,,
RESIDUE,confidence_medium,allium,medium yellow onion,onion,SYNONYM,medium,,,,,Unqualified onion means the yellow storage onion.,medium|yellow,false,,,
RESIDUE,contradiction_flagged,allium,onion,red onion,DISTINCT,high,,,,,Red onion is a different variety from the default yellow onion.,red,false,"same base, color difference, received DISTINCT + SYNONYM — green onions ~ onion [green] => DISTINCT; onion ~ red onion [red] => DISTINCT; onion ~ white onion [white] => DISTINCT; onion ~ yellow onion [yellow] => SYNONYM",,
RESIDUE,contradiction_flagged,allium,onion,white onion,DISTINCT,medium,,,,,White onion is a specific variety; generic onion defaults to yellow.,white,false,"same base, color difference, received DISTINCT + SYNONYM — green onions ~ onion [green] => DISTINCT; onion ~ red onion [red] => DISTINCT; onion ~ white onion [white] => DISTINCT; onion ~ yellow onion [yellow] => SYNONYM",,
RESIDUE,confidence_medium,allium,onion,"white onion, diced",DISTINCT,medium,,,,,White onion is a specific variety; generic onion defaults to yellow.,diced|white,false,,,
RESIDUE,confidence_medium,allium,onion,"white onion, roughly chopped",DISTINCT,medium,,,,,White onion is a specific variety; generic onion defaults to yellow.,chopped|roughly|white,false,,,
RESIDUE,contradiction_flagged,allium,onion,yellow onion,SYNONYM,medium,,,,,Unqualified onion means the yellow storage onion.,yellow,false,"same base, color difference, received DISTINCT + SYNONYM — green onions ~ onion [green] => DISTINCT; onion ~ red onion [red] => DISTINCT; onion ~ white onion [white] => DISTINCT; onion ~ yellow onion [yellow] => SYNONYM",,
RESIDUE,confidence_medium,allium,onion,"yellow onion, diced",SYNONYM,medium,,,,,Generic onion is the yellow onion; dicing is prep.,diced|yellow,false,,,
RESIDUE,confidence_medium,allium,onion,"yellow onion, roughly chopped",SYNONYM,medium,,,,,Generic onion is the yellow onion; chopping is prep.,chopped|roughly|yellow,false,,,
RESIDUE,confidence_medium,allium,onion,"yellow onions, finely diced",SYNONYM,medium,,,,,Generic onion is the yellow onion; dicing is prep.,diced|finely|yellow,false,,,
RESIDUE,confidence_medium,allium,onion,"yellow onions, thinly sliced",SYNONYM,medium,,,,,Generic onion is the yellow onion; slicing is prep.,sliced|thinly|yellow,false,,,
RESIDUE,confidence_medium,oil_fat,avocado oil,neutral oil (such as avocado or canola oil),SYNONYM,medium,,,,,The generic spec explicitly names avocado oil as an acceptable buy; a shopper holding avocado oil needs nothing more.,canola|neutral,false,,,
RESIDUE,confidence_medium,oil_fat,avocado oil,neutral oil (such as avocado or vegetable),SYNONYM,medium,,,,,Avocado oil is listed as a qualifying neutral oil in the spec; same shelf purchase.,neutral|vegetable,false,,,
RESIDUE,confidence_medium,oil_fat,avocado oil,neutral oil (such as grapeseed or avocado),SYNONYM,medium,,,,,Avocado oil satisfies the parenthetical spec; one purchase covers both names.,grapeseed|neutral,false,,,
RESIDUE,confidence_medium,oil_fat,avocado oil,neutral oil (such as vegetable or avocado oil),SYNONYM,medium,,,,,Avocado oil is named in the spec as an acceptable neutral oil; no second purchase.,neutral|vegetable,false,,,
RESIDUE,confidence_medium,oil_fat,canned tuna in olive oil,olive oil,COMPONENT,medium,canned tuna in olive oil,2,tbsp,true,"One can of oil-packed tuna yields usable olive oil at no extra purchase, like a jar of pepperoncini and its brine.",canned|tuna,true,,,
RESIDUE,confidence_medium,oil_fat,dark sesame oil,sesame oil,SYNONYM,medium,,,,,"In recipe usage 'sesame oil' means the dark/toasted bottle; same product, one purchase.",dark,false,,,
RESIDUE,confidence_medium,oil_fat,lard or neutral oil,neutral oil,SYNONYM,medium,,,,,The 'lard or neutral oil' spec is satisfied outright by neutral oil; one purchase.,lard,false,,,
RESIDUE,confidence_medium,oil_fat,lard,lard or neutral oil,SYNONYM,medium,,,,,Lard satisfies the 'lard or neutral oil' spec; a shopper holding lard needs nothing more.,neutral|oil,false,,,
RESIDUE,confidence_medium,oil_fat,lard,lard or unsalted butter,SYNONYM,medium,,,,,Lard satisfies the 'lard or unsalted butter' spec; no second purchase required.,butter|unsalted,false,,,
RESIDUE,confidence_medium,oil_fat,neutral oil (such as avocado or vegetable),vegetable oil,SYNONYM,medium,,,,,Vegetable oil is named in the spec as an acceptable neutral oil; same bottle.,avocado|neutral,false,,,
RESIDUE,confidence_medium,oil_fat,neutral oil (such as vegetable oil),vegetable oil,SYNONYM,medium,,,,,Vegetable oil is the named example of this neutral oil spec; same bottle.,neutral,false,,,
RESIDUE,confidence_medium,oil_fat,neutral oil (such as vegetable or avocado oil),vegetable oil,SYNONYM,medium,,,,,Vegetable oil is named in the spec; one purchase.,avocado|neutral,false,,,
RESIDUE,confidence_medium,oil_fat,neutral oil (such as vegetable or canola oil),vegetable oil,SYNONYM,medium,,,,,Vegetable oil is named in the spec; one purchase.,canola|neutral,false,,,
RESIDUE,confidence_medium,oil_fat,neutral oil (such as vegetable or canola),vegetable oil,SYNONYM,medium,,,,,Vegetable oil is named in the spec; one purchase.,canola|neutral,false,,,
RESIDUE,confidence_medium,oil_fat,neutral oil (such as vegetable or peanut oil),vegetable oil,SYNONYM,medium,,,,,Vegetable oil is named in the spec; one purchase.,neutral|peanut,false,,,
RESIDUE,confidence_medium,oil_fat,neutral oil (vegetable or canola),vegetable oil,SYNONYM,medium,,,,,Vegetable oil is named in the spec; one purchase.,canola|neutral,false,,,
RESIDUE,confidence_medium,oil_fat,sesame oil,toasted sesame oil,SYNONYM,medium,,,,,Recipe 'sesame oil' means the toasted bottle; one purchase serves both.,toasted,true,,,
RESIDUE,confidence_medium,pepper_corn,bell peppers,green bell pepper,SYNONYM,medium,,,,,Generic 'bell peppers' with no color specified; a shopper handed either name buys a bell pepper off the same shelf.,green,false,,,
RESIDUE,confidence_medium,pepper_corn,bell peppers,"green bell pepper, diced",SYNONYM,medium,,,,,"'diced' is knife prep, not a different purchase; unspecified-color generic covers green.",diced|green,false,,,
RESIDUE,confidence_medium,pepper_corn,bell peppers,large bell peppers,SYNONYM,medium,,,,,Size adjective only; same product on the shelf.,large,false,,,
RESIDUE,confidence_medium,pepper_corn,bell peppers,red bell pepper,SYNONYM,medium,,,,,Generic 'bell peppers' with no color specified covers red bell pepper.,red,false,,,
RESIDUE,confidence_medium,pepper_corn,bell peppers,yellow bell pepper,SYNONYM,medium,,,,,Generic 'bell peppers' with no color specified covers yellow bell pepper.,yellow,false,,,
RESIDUE,confidence_medium,pepper_corn,"black pepper, coarsely ground","black pepper, freshly ground",SYNONYM,medium,,,,,"Both are ground black pepper; coarse vs freshly ground is a grinder setting, one jar/grinder serves both.",coarsely|freshly,false,,,
RESIDUE,confidence_medium,pepper_corn,"black pepper, coarsely ground","black pepper, ground",SYNONYM,medium,,,,,"Same product, ground black pepper; grind descriptor only.",coarsely,false,,,
RESIDUE,confidence_medium,pepper_corn,"black pepper, coarsely ground",freshly ground black pepper,SYNONYM,medium,,,,,"Both ground black pepper; freshness/grind descriptors, same purchase.",coarsely|freshly,false,,,
RESIDUE,confidence_medium,pepper_corn,"black pepper, coarsely ground",ground black pepper,SYNONYM,medium,,,,,Both ground black pepper; grind descriptor only.,coarsely,false,,,
RESIDUE,confidence_medium,pepper_corn,"black pepper, freshly ground","black pepper, ground",SYNONYM,medium,,,,,"Both ground black pepper; 'freshly' is a preparation note, same product.",freshly,false,,,
RESIDUE,confidence_medium,pepper_corn,"black pepper, freshly ground",coarsely ground black pepper,SYNONYM,medium,,,,,Both ground black pepper; grind/freshness descriptors only.,coarsely|freshly,false,,,
RESIDUE,confidence_medium,pepper_corn,"black pepper, freshly ground",ground black pepper,SYNONYM,medium,,,,,Both ground black pepper; freshness descriptor only.,freshly,false,,,
RESIDUE,confidence_medium,pepper_corn,"black pepper, ground",coarsely ground black pepper,SYNONYM,medium,,,,,Both ground black pepper; grind descriptor only.,coarsely,false,,,
RESIDUE,confidence_medium,pepper_corn,"black pepper, ground",freshly ground black pepper,SYNONYM,medium,,,,,Both ground black pepper; freshness descriptor only.,freshly,false,,,
RESIDUE,confidence_medium,pepper_corn,black pepper,"black pepper, coarsely ground",SYNONYM,medium,,,,,Bare 'black pepper' in recipes means ground black pepper; grind descriptor only.,coarsely|ground,true,,,
RESIDUE,confidence_medium,pepper_corn,black pepper,"black pepper, freshly ground",SYNONYM,medium,,,,,Bare 'black pepper' means ground black pepper; freshness note only.,freshly|ground,true,,,
RESIDUE,confidence_medium,pepper_corn,black pepper,coarsely cracked black pepper,SYNONYM,medium,,,,,Cracked/coarse is a grind descriptor of the same black pepper purchase.,coarsely|cracked,false,,,
RESIDUE,confidence_medium,pepper_corn,black pepper,coarsely ground black pepper,SYNONYM,medium,,,,,"Same black pepper, grind descriptor only.",coarsely|ground,true,,,
RESIDUE,confidence_medium,pepper_corn,black pepper,freshly ground black pepper,SYNONYM,medium,,,,,Same black pepper; freshness/grind note only.,freshly|ground,true,,,
RESIDUE,confidence_medium,pepper_corn,coarsely ground black pepper,freshly ground black pepper,SYNONYM,medium,,,,,Both ground black pepper; descriptors only.,coarsely|freshly,false,,,
RESIDUE,confidence_medium,pepper_corn,coarsely ground black pepper,ground black pepper,SYNONYM,medium,,,,,Both ground black pepper; grind descriptor only.,coarsely,false,,,
RESIDUE,confidence_medium,pepper_corn,freshly ground black pepper,ground black pepper,SYNONYM,medium,,,,,Both ground black pepper; 'freshly' is a prep note on the same purchase.,freshly,false,,,
RESIDUE,confidence_medium,pepper_corn,gochugaru (korean red pepper flakes),red pepper flakes,DISTINCT,medium,,,,,Gochugaru is a distinct Korean chile powder/flake product with different heat and texture; requires its own purchase.,gochugaru|korean,false,,,
RESIDUE,confidence_medium,pepper_corn,"green bell pepper, diced",large bell peppers,SYNONYM,medium,,,,,Unspecified-color 'large bell peppers' covers green bell pepper; 'diced' is prep only.,diced|green|large,false,,,
RESIDUE,contradiction_flagged,pepper_corn,"green bell pepper, diced",red bell pepper,DISTINCT,high,,,,,"Green and red bell peppers are different products, like red vs yellow onion.",diced|green|red,false,"green bell pepper, diced ~ red bell pepper labelled DISTINCT, but a chain of SYNONYM edges already makes them the same purchase",,
RESIDUE,contradiction_flagged,pepper_corn,"green bell pepper, diced",yellow bell pepper,DISTINCT,high,,,,,Different bell pepper colors are different purchases.,diced|green|yellow,false,"green bell pepper, diced ~ yellow bell pepper labelled DISTINCT, but a chain of SYNONYM edges already makes them the same purchase",,
RESIDUE,confidence_medium,pepper_corn,green bell pepper,large bell peppers,SYNONYM,medium,,,,,Unspecified-color generic with a size adjective covers green bell pepper.,green|large,false,,,
RESIDUE,contradiction_flagged,pepper_corn,green bell pepper,red bell pepper,DISTINCT,high,,,,,Green vs red bell pepper are two different products on the shelf.,green|red,false,"green bell pepper ~ red bell pepper labelled DISTINCT, but a chain of SYNONYM edges already makes them the same purchase",,
RESIDUE,contradiction_flagged,pepper_corn,green bell pepper,yellow bell pepper,DISTINCT,high,,,,,Green vs yellow bell pepper are different purchases.,green|yellow,false,"green bell pepper ~ yellow bell pepper labelled DISTINCT, but a chain of SYNONYM edges already makes them the same purchase",,
RESIDUE,confidence_medium,pepper_corn,large bell peppers,red bell pepper,SYNONYM,medium,,,,,Unspecified-color generic with size adjective covers red bell pepper.,large|red,false,,,
RESIDUE,confidence_medium,pepper_corn,large bell peppers,yellow bell pepper,SYNONYM,medium,,,,,Unspecified-color generic with size adjective covers yellow bell pepper.,large|yellow,false,,,
RESIDUE,confidence_medium,pepper_corn,red bell pepper,roasted red bell pepper,DISTINCT,medium,,,,,Roasted red peppers are bought jarred/processed; a fresh pepper is not the same purchase (analogous to fresh vs dried basil).,roasted,true,,,
RESIDUE,contradiction_flagged,pepper_corn,red bell pepper,yellow bell pepper,DISTINCT,high,,,,,Red vs yellow bell pepper are different products.,red|yellow,false,"red bell pepper ~ yellow bell pepper labelled DISTINCT, but a chain of SYNONYM edges already makes them the same purchase",,
RESIDUE,confidence_medium,tomato,"beefsteak tomatoes, thinly sliced",tomato,DISTINCT,medium,,,,,Beefsteak is a specific variety; generic tomato is a different purchase.,beefsteak|sliced|thinly,false,,,
RESIDUE,confidence_medium,tomato,beefsteak tomato,tomato,DISTINCT,medium,,,,,Specific variety vs generic tomato.,beefsteak,false,,,
RESIDUE,confidence_medium,tomato,canned crushed san marzano tomatoes,canned crushed tomatoes,DISTINCT,medium,,,,,San Marzano crushed is a different (premium/DOP) can than generic crushed.,marzano|san,false,,,
RESIDUE,confidence_medium,tomato,canned crushed san marzano tomatoes,crushed canned tomatoes,DISTINCT,medium,,,,,San Marzano vs generic crushed can.,marzano|san,false,,,
RESIDUE,confidence_medium,tomato,canned crushed san marzano tomatoes,crushed tomatoes,DISTINCT,medium,,,,,San Marzano vs generic crushed can.,canned|marzano|san,true,,,
RESIDUE,confidence_medium,tomato,canned crushed san marzano tomatoes,"crushed tomatoes, canned",DISTINCT,medium,,,,,San Marzano vs generic crushed can.,marzano|san,false,,,
RESIDUE,confidence_medium,tomato,canned crushed san marzano tomatoes,san marzano tomatoes,DISTINCT,medium,,,,,"'San Marzano tomatoes' defaults to the whole peeled can, not the crushed can.",canned|crushed,true,,,
RESIDUE,confidence_medium,tomato,canned crushed tomatoes,canned san marzano crushed tomatoes,DISTINCT,medium,,,,,Generic vs San Marzano crushed can.,marzano|san,false,,,
RESIDUE,confidence_medium,tomato,canned san marzano crushed tomatoes,crushed canned tomatoes,DISTINCT,medium,,,,,San Marzano vs generic crushed can.,marzano|san,false,,,
RESIDUE,confidence_medium,tomato,canned san marzano crushed tomatoes,crushed tomatoes,DISTINCT,medium,,,,,San Marzano vs generic crushed can.,canned|marzano|san,true,,,
RESIDUE,confidence_medium,tomato,canned san marzano crushed tomatoes,"crushed tomatoes, canned",DISTINCT,medium,,,,,San Marzano vs generic crushed can.,marzano|san,false,,,
RESIDUE,confidence_medium,tomato,canned san marzano crushed tomatoes,san marzano tomatoes,DISTINCT,medium,,,,,"'San Marzano tomatoes' defaults to the whole peeled can, not crushed.",canned|crushed,true,,,
RESIDUE,confidence_medium,tomato,canned san marzano whole peeled tomatoes,canned san marzano whole tomatoes,SYNONYM,medium,,,,,Canned whole San Marzanos are peeled; same can.,peeled,false,,,
RESIDUE,confidence_medium,tomato,canned san marzano whole peeled tomatoes,canned whole peeled tomatoes,DISTINCT,medium,,,,,San Marzano vs generic whole peeled can.,marzano|san,false,,,
RESIDUE,contradiction_flagged,tomato,canned san marzano whole peeled tomatoes,san marzano tomatoes,SYNONYM,medium,,,,,'San Marzano tomatoes' in recipes means the canned whole peeled product.,canned|peeled|whole,true,signature [canned|peeled|whole] received DISTINCT + SYNONYM — canned san marzano whole peeled tomatoes ~ san marzano tomatoes => SYNONYM; canned whole peeled tomatoes ~ tomato => DISTINCT,,
RESIDUE,confidence_medium,tomato,canned san marzano whole peeled tomatoes,whole canned tomatoes,DISTINCT,medium,,,,,San Marzano vs generic whole can.,marzano|peeled|san,false,,,
RESIDUE,confidence_medium,tomato,canned san marzano whole peeled tomatoes,whole peeled tomatoes,DISTINCT,medium,,,,,San Marzano vs generic whole peeled can.,canned|marzano|san,true,,,
RESIDUE,confidence_medium,tomato,canned san marzano whole peeled tomatoes,whole san marzano tomatoes,SYNONYM,medium,,,,,Whole San Marzanos in the can are peeled; same product.,canned|peeled,true,,,
RESIDUE,contradiction_flagged,tomato,canned san marzano whole tomatoes,san marzano tomatoes,SYNONYM,medium,,,,,'San Marzano tomatoes' means the canned whole product.,canned|whole,true,signature [canned|whole] received DISTINCT + SYNONYM — canned san marzano whole tomatoes ~ san marzano tomatoes => SYNONYM; canned whole san marzano tomatoes ~ san marzano tomatoes => SYNONYM; tomato ~ whole canned tomatoes => DISTINCT,,
RESIDUE,confidence_medium,tomato,canned san marzano whole tomatoes,san marzano whole peeled tomatoes,SYNONYM,medium,,,,,Whole and whole peeled San Marzano cans are the same product.,canned|peeled,true,,,
RESIDUE,confidence_medium,tomato,canned san marzano whole tomatoes,whole canned tomatoes,DISTINCT,medium,,,,,San Marzano vs generic whole can.,marzano|san,false,,,
RESIDUE,confidence_medium,tomato,canned san marzano whole tomatoes,whole peeled san marzano tomatoes,SYNONYM,medium,,,,,"Same can, word order; whole canned San Marzanos are peeled.",canned|peeled,true,,,
RESIDUE,contradiction_flagged,tomato,canned whole peeled tomatoes,tomato,DISTINCT,high,,,,,Canned vs fresh tomatoes.,canned|peeled|whole,true,signature [canned|peeled|whole] received DISTINCT + SYNONYM — canned san marzano whole peeled tomatoes ~ san marzano tomatoes => SYNONYM; canned whole peeled tomatoes ~ tomato => DISTINCT,,
RESIDUE,contradiction_flagged,tomato,canned whole san marzano tomatoes,san marzano tomatoes,SYNONYM,medium,,,,,'San Marzano tomatoes' means the canned whole product.,canned|whole,true,signature [canned|whole] received DISTINCT + SYNONYM — canned san marzano whole tomatoes ~ san marzano tomatoes => SYNONYM; canned whole san marzano tomatoes ~ san marzano tomatoes => SYNONYM; tomato ~ whole canned tomatoes => DISTINCT,,
RESIDUE,confidence_medium,tomato,canned whole san marzano tomatoes,san marzano whole peeled tomatoes,SYNONYM,medium,,,,,Same whole San Marzano can; peeled is implied.,canned|peeled,true,,,
RESIDUE,confidence_medium,tomato,canned whole san marzano tomatoes,whole canned tomatoes,DISTINCT,medium,,,,,San Marzano vs generic whole can.,marzano|san,false,,,
RESIDUE,confidence_medium,tomato,canned whole san marzano tomatoes,whole peeled san marzano tomatoes,SYNONYM,medium,,,,,"Same can, word order; peeled implied.",canned|peeled,true,,,
RESIDUE,confidence_medium,tomato,crushed san marzano tomatoes,crushed tomatoes,DISTINCT,medium,,,,,San Marzano vs generic crushed can.,marzano|san,false,,,
RESIDUE,contradiction_flagged,tomato,crushed san marzano tomatoes,san marzano tomatoes,DISTINCT,medium,,,,,Crushed can vs the default whole peeled San Marzano can.,crushed,true,"same base, prep difference, received DISTINCT + SYNONYM — crushed san marzano tomatoes ~ san marzano tomatoes [crushed] => DISTINCT; san marzano crushed tomatoes ~ san marzano tomatoes [crushed] => DISTINCT; san marzano tomatoes ~ whole san marzano tomatoes [whole] => SYNONYM",,
RESIDUE,confidence_medium,tomato,crushed tomatoes,san marzano crushed tomatoes,DISTINCT,medium,,,,,Generic vs San Marzano crushed can.,marzano|san,false,,,
RESIDUE,contradiction_flagged,tomato,crushed tomatoes,tomato,DISTINCT,high,,,,,Canned vs fresh tomatoes.,crushed,true,"same base, prep difference, received DISTINCT + SYNONYM — crushed tomatoes ~ tomato [crushed] => DISTINCT; diced tomatoes ~ tomato [diced] => DISTINCT; fresh tomatoes ~ tomato [fresh] => SYNONYM",,
RESIDUE,contradiction_flagged,tomato,diced tomatoes,tomato,DISTINCT,high,,,,,Canned vs fresh tomatoes.,diced,false,"same base, prep difference, received DISTINCT + SYNONYM — crushed tomatoes ~ tomato [crushed] => DISTINCT; diced tomatoes ~ tomato [diced] => DISTINCT; fresh tomatoes ~ tomato [fresh] => SYNONYM",,
RESIDUE,contradiction_flagged,tomato,fresh tomatoes,tomato,SYNONYM,high,,,,,Generic tomato is the fresh tomato.,fresh,true,"same base, prep difference, received DISTINCT + SYNONYM — crushed tomatoes ~ tomato [crushed] => DISTINCT; diced tomatoes ~ tomato [diced] => DISTINCT; fresh tomatoes ~ tomato [fresh] => SYNONYM",,
RESIDUE,confidence_medium,tomato,heirloom tomato,tomato,DISTINCT,medium,,,,,"Heirloom is a specific varietal purchase, not the generic tomato.",heirloom,false,,,
RESIDUE,confidence_medium,tomato,plum tomatoes,tomato,DISTINCT,medium,,,,,"Plum tomatoes are a specific variety, a different purchase.",plum,false,,,
RESIDUE,confidence_medium,tomato,ripe beefsteak tomatoes,ripe tomato,DISTINCT,medium,,,,,Beefsteak variety vs generic ripe tomato.,beefsteak,false,,,
RESIDUE,confidence_medium,tomato,ripe beefsteak tomatoes,tomato,DISTINCT,medium,,,,,Beefsteak variety vs generic tomato.,beefsteak|ripe,false,,,
RESIDUE,confidence_medium,tomato,ripe roma tomatoes,ripe tomato,DISTINCT,medium,,,,,Roma variety vs generic ripe tomato.,roma,false,,,
RESIDUE,confidence_medium,tomato,ripe roma tomatoes,tomato,DISTINCT,medium,,,,,Roma variety vs generic tomato.,ripe|roma,false,,,
RESIDUE,confidence_medium,tomato,"roma tomatoes, halved",tomato,DISTINCT,medium,,,,,Roma variety vs generic tomato.,halved|roma,false,,,
RESIDUE,confidence_medium,tomato,"roma tomatoes, roughly chopped",tomato,DISTINCT,medium,,,,,Roma variety vs generic tomato.,chopped|roma|roughly,false,,,
RESIDUE,confidence_medium,tomato,roma tomatoes,tomato,DISTINCT,medium,,,,,Roma variety vs generic tomato.,roma,false,,,
RESIDUE,contradiction_flagged,tomato,san marzano crushed tomatoes,san marzano tomatoes,DISTINCT,medium,,,,,Crushed can vs the default whole peeled San Marzano can.,crushed,true,"same base, prep difference, received DISTINCT + SYNONYM — crushed san marzano tomatoes ~ san marzano tomatoes [crushed] => DISTINCT; san marzano crushed tomatoes ~ san marzano tomatoes [crushed] => DISTINCT; san marzano tomatoes ~ whole san marzano tomatoes [whole] => SYNONYM",,
RESIDUE,contradiction_flagged,tomato,san marzano tomatoes,san marzano whole peeled tomatoes,SYNONYM,medium,,,,,'San Marzano tomatoes' denotes the canned whole peeled product.,peeled|whole,true,signature [peeled|whole] received DISTINCT + SYNONYM — san marzano tomatoes ~ san marzano whole peeled tomatoes => SYNONYM; san marzano tomatoes ~ whole peeled san marzano tomatoes => SYNONYM; tomato ~ whole peeled tomatoes => DISTINCT,,
RESIDUE,confidence_medium,tomato,san marzano tomatoes,tomato,DISTINCT,medium,,,,,San Marzano canned product vs generic fresh tomato.,marzano|san,false,,,
RESIDUE,contradiction_flagged,tomato,san marzano tomatoes,whole peeled san marzano tomatoes,SYNONYM,medium,,,,,Same whole peeled San Marzano can.,peeled|whole,true,signature [peeled|whole] received DISTINCT + SYNONYM — san marzano tomatoes ~ san marzano whole peeled tomatoes => SYNONYM; san marzano tomatoes ~ whole peeled san marzano tomatoes => SYNONYM; tomato ~ whole peeled tomatoes => DISTINCT,,
RESIDUE,contradiction_flagged,tomato,san marzano tomatoes,whole san marzano tomatoes,SYNONYM,medium,,,,,Same whole San Marzano can.,whole,true,"same base, prep difference, received DISTINCT + SYNONYM — crushed san marzano tomatoes ~ san marzano tomatoes [crushed] => DISTINCT; san marzano crushed tomatoes ~ san marzano tomatoes [crushed] => DISTINCT; san marzano tomatoes ~ whole san marzano tomatoes [whole] => SYNONYM",,
RESIDUE,confidence_medium,tomato,san marzano whole peeled tomatoes,whole peeled tomatoes,DISTINCT,medium,,,,,San Marzano vs generic whole peeled can.,marzano|san,false,,,
RESIDUE,confidence_medium,tomato,san marzano whole peeled tomatoes,whole san marzano tomatoes,SYNONYM,medium,,,,,Whole canned San Marzanos are peeled; same product.,peeled,false,,,
RESIDUE,contradiction_flagged,tomato,tomato,whole canned tomatoes,DISTINCT,high,,,,,Fresh vs canned tomatoes.,canned|whole,true,signature [canned|whole] received DISTINCT + SYNONYM — canned san marzano whole tomatoes ~ san marzano tomatoes => SYNONYM; canned whole san marzano tomatoes ~ san marzano tomatoes => SYNONYM; tomato ~ whole canned tomatoes => DISTINCT,,
RESIDUE,contradiction_flagged,tomato,tomato,whole peeled tomatoes,DISTINCT,high,,,,,Fresh vs canned tomatoes.,peeled|whole,true,signature [peeled|whole] received DISTINCT + SYNONYM — san marzano tomatoes ~ san marzano whole peeled tomatoes => SYNONYM; san marzano tomatoes ~ whole peeled san marzano tomatoes => SYNONYM; tomato ~ whole peeled tomatoes => DISTINCT,,
RESIDUE,confidence_medium,tomato,whole peeled san marzano tomatoes,whole peeled tomatoes,DISTINCT,medium,,,,,San Marzano vs generic whole peeled can.,marzano|san,false,,,
RESIDUE,confidence_medium,tomato,whole peeled san marzano tomatoes,whole san marzano tomatoes,SYNONYM,medium,,,,,Whole canned San Marzanos are peeled; same can.,peeled,false,,,
SPOTCHECK,auto_accepted_spot_check,tomato,san marzano whole peeled tomatoes,tomato,DISTINCT,high,,,,,Canned product vs fresh tomato.,marzano|peeled|san|whole,true,,,
SPOTCHECK,auto_accepted_spot_check,tomato,canned whole peeled tomatoes,diced tomatoes,DISTINCT,high,,,,,Whole peeled vs diced cans.,canned|diced|peeled|whole,true,,,
SPOTCHECK,auto_accepted_spot_check,tomato,canned fire-roasted diced tomatoes,fire-roasted diced tomatoes,SYNONYM,high,,,,,"Same can, 'canned' implied.",canned,true,,,
SPOTCHECK,auto_accepted_spot_check,allium,"red onion, thinly sliced",yellow onion,DISTINCT,high,,,,,Red and yellow onions are different products.,red|sliced|thinly|yellow,false,,,
SPOTCHECK,auto_accepted_spot_check,tomato,canned san marzano whole peeled tomatoes,whole peeled san marzano tomatoes,SYNONYM,high,,,,,Word-order variant of the same can.,canned,true,,,
SPOTCHECK,auto_accepted_spot_check,allium,"red onion, thinly sliced","white onion, diced",DISTINCT,high,,,,,Red and white onions are different products.,diced|red|sliced|thinly|white,false,,,
SPOTCHECK,auto_accepted_spot_check,tomato,tomato,tomato passata,DISTINCT,high,,,,,"Passata is a processed bottled product, a separate purchase.",passata,false,,,
SPOTCHECK,auto_accepted_spot_check,tomato,canned fire-roasted diced tomatoes,crushed fire-roasted tomatoes,DISTINCT,high,,,,,Diced vs crushed cans.,canned|crushed|diced,true,,,
SPOTCHECK,auto_accepted_spot_check,allium,garlic head,head of garlic,SYNONYM,high,,,,,"Same bulb, reversed wording.",(identical),false,,,
SPOTCHECK,auto_accepted_spot_check,tomato,canned crushed san marzano tomatoes,canned san marzano whole peeled tomatoes,DISTINCT,high,,,,,Crushed vs whole peeled are two different cans.,crushed|peeled|whole,true,,,
SPOTCHECK,auto_accepted_spot_check,allium,medium yellow onion,yellow onion,SYNONYM,high,,,,,Size adjective only; same yellow onion.,medium,false,,,
SPOTCHECK,auto_accepted_spot_check,tomato,canned diced tomatoes,canned diced tomatoes with green chiles,DISTINCT,high,,,,,Plain diced vs diced with chiles: different cans.,chili|green,false,,,
SPOTCHECK,auto_accepted_spot_check,tomato,canned crushed san marzano tomatoes,san marzano whole peeled tomatoes,DISTINCT,high,,,,,Crushed vs whole peeled cans.,canned|crushed|peeled|whole,true,,,
SPOTCHECK,auto_accepted_spot_check,tomato,crushed tomatoes,fire-roasted crushed tomatoes,DISTINCT,high,,,,,Fire-roasted vs plain crushed can.,fire|roasted,true,,,
SPOTCHECK,auto_accepted_spot_check,tomato,ripe roma tomatoes,"roma tomatoes, roughly chopped",SYNONYM,high,,,,,Same roma tomatoes with a prep note.,chopped|ripe|roughly,false,,,
SPOTCHECK,auto_accepted_spot_check,allium,garlic,garlic powder,DISTINCT,high,,,,,Dried ground spice jar versus fresh bulb.,powder,true,,,
SPOTCHECK,auto_accepted_spot_check,allium,white onion,"yellow onions, finely diced",DISTINCT,high,,,,,White and yellow onions are different products.,diced|finely|white|yellow,false,,,
SPOTCHECK,auto_accepted_spot_check,tomato,canned crushed tomatoes,crushed tomatoes,SYNONYM,high,,,,,Crushed tomatoes are sold canned; same product.,canned,true,,,
SPOTCHECK,auto_accepted_spot_check,pepper_corn,"black pepper, ground",ground black pepper,SYNONYM,high,,,,,Same phrase reordered.,(identical),false,,,
SPOTCHECK,auto_accepted_spot_check,allium,large yellow onion,red onion,DISTINCT,high,,,,,Yellow and red onions are different products.,large|red|yellow,false,,,
SPOTCHECK,auto_accepted_spot_check,tomato,fresh tomatoes,whole canned tomatoes,DISTINCT,high,,,,,Fresh vs canned tomatoes.,canned|fresh|whole,true,,,
SPOTCHECK,auto_accepted_spot_check,allium,"red onion, thinly sliced",white onion,DISTINCT,high,,,,,Red and white onions are different products.,red|sliced|thinly|white,false,,,
SPOTCHECK,auto_accepted_spot_check,allium,"yellow onions, finely diced","yellow onions, thinly sliced",SYNONYM,high,,,,,"Same yellow onion, differing cut instruction.",diced|finely|sliced|thinly,false,,,
SPOTCHECK,auto_accepted_spot_check,tomato,condensed tomato soup,tomato,DISTINCT,high,,,,,Canned soup vs fresh tomato.,condensed|soup,false,,,
SPOTCHECK,auto_accepted_spot_check,tomato,crushed fire-roasted tomatoes,tomato,DISTINCT,high,,,,,Canned product vs fresh tomato.,crushed|fire|roasted,true,,,
SPOTCHECK,auto_accepted_spot_check,tomato,canned san marzano crushed tomatoes,canned whole san marzano tomatoes,DISTINCT,high,,,,,Crushed vs whole cans.,crushed|whole,true,,,
SPOTCHECK,auto_accepted_spot_check,tomato,crushed fire-roasted tomatoes,fire-roasted diced tomatoes,DISTINCT,high,,,,,Crushed vs diced cans.,crushed|diced,true,,,
SPOTCHECK,auto_accepted_spot_check,allium,yellow onion,"yellow onions, finely diced",SYNONYM,high,,,,,Dicing is a prep note on the same yellow onion.,diced|finely,false,,,
SPOTCHECK,auto_accepted_spot_check,tomato,fresh tomatoes,ripe tomato,SYNONYM,high,,,,,"Ripeness descriptor, same fresh tomato.",fresh|ripe,true,,,
SPOTCHECK,auto_accepted_spot_check,tomato,canned crushed tomatoes,diced tomatoes,DISTINCT,high,,,,,Crushed vs diced cans.,canned|crushed|diced,true,,,
SPOTCHECK,auto_accepted_spot_check,allium,chili-garlic sauce,garlic,DISTINCT,high,,,,,"Jarred chili-garlic sauce is a manufactured product, not fresh garlic.",chili|sauce,true,,,
SPOTCHECK,auto_accepted_spot_check,allium,diced white onion,medium yellow onion,DISTINCT,high,,,,,White onion and yellow onion are different products.,diced|medium|white|yellow,false,,,
SPOTCHECK,auto_accepted_spot_check,tomato,crushed tomatoes,whole peeled tomatoes,DISTINCT,high,,,,,Crushed vs whole peeled cans.,crushed|peeled|whole,true,,,
SPOTCHECK,auto_accepted_spot_check,tomato,canned whole peeled tomatoes,ripe tomato,DISTINCT,high,,,,,Canned vs fresh tomatoes.,canned|peeled|ripe|whole,true,,,
SPOTCHECK,auto_accepted_spot_check,tomato,canned san marzano crushed tomatoes,canned san marzano whole tomatoes,DISTINCT,high,,,,,Crushed vs whole cans.,crushed|whole,true,,,
SPOTCHECK,auto_accepted_spot_check,allium,onion,"red onion, thinly sliced",DISTINCT,high,,,,,Red onion is a different variety from the default yellow onion.,red|sliced|thinly,false,,,
SPOTCHECK,auto_accepted_spot_check,tomato,canned san marzano whole peeled tomatoes,san marzano crushed tomatoes,DISTINCT,high,,,,,Whole peeled vs crushed cans.,canned|crushed|peeled|whole,true,,,
SPOTCHECK,auto_accepted_spot_check,allium,scallions,"scallions, thinly sliced, for garnish",SYNONYM,high,,,,,Same bunch of scallions with prep/usage notes.,garnish|sliced|thinly,false,,,
SPOTCHECK,auto_accepted_spot_check,pepper_corn,coarsely ground black pepper,roasted red peppers,DISTINCT,high,,,,,Unrelated products.,black|coarsely|ground|red|roasted,true,,,
SPOTCHECK,auto_accepted_spot_check,tomato,canned whole san marzano tomatoes,tomato,DISTINCT,high,,,,,Canned product vs fresh tomato.,canned|marzano|san|whole,true,,,
SPOTCHECK,auto_accepted_spot_check,tomato,crushed fire-roasted tomatoes,crushed tomatoes,DISTINCT,high,,,,,Fire-roasted is a different can from plain crushed.,fire|roasted,true,,,
SPOTCHECK,auto_accepted_spot_check,allium,large yellow onion,"white onion, diced",DISTINCT,high,,,,,Yellow and white onions are different products.,diced|large|white|yellow,false,,,
SPOTCHECK,auto_accepted_spot_check,oil_fat,neutral oil (such as vegetable or avocado oil),neutral vegetable oil,SYNONYM,high,,,,,Both satisfied by one bottle of neutral vegetable oil.,avocado,false,,,
SPOTCHECK,auto_accepted_spot_check,allium,large yellow onion,yellow onion,SYNONYM,high,,,,,Size adjective only; same yellow onion.,large,false,,,
SPOTCHECK,auto_accepted_spot_check,tomato,beefsteak tomato,"beefsteak tomatoes, thinly sliced",SYNONYM,high,,,,,Same purchase; 'thinly sliced' is a prep note.,sliced|thinly,false,,,
SPOTCHECK,auto_accepted_spot_check,allium,red onion,sliced green onions,DISTINCT,high,,,,,Red bulb onion versus green onions.,green|red|sliced,false,,,
SPOTCHECK,auto_accepted_spot_check,allium,"yellow onion, roughly chopped","yellow onions, thinly sliced",SYNONYM,high,,,,,"Same yellow onion, differing cut instruction.",chopped|roughly|sliced|thinly,false,,,
SPOTCHECK,auto_accepted_spot_check,tomato,canned whole san marzano tomatoes,crushed san marzano tomatoes,DISTINCT,high,,,,,Whole vs crushed cans.,canned|crushed|whole,true,,,
SPOTCHECK,auto_accepted_spot_check,tomato,beefsteak tomato,ripe beefsteak tomatoes,SYNONYM,high,,,,,"'Ripe' is a quality descriptor, same product.",ripe,false,,,
SPOTCHECK,auto_accepted_spot_check,tomato,canned whole peeled tomatoes,whole canned tomatoes,SYNONYM,high,,,,,Same can under two names.,peeled,false,,,
SPOTCHECK,auto_accepted_spot_check,tomato,canned diced tomatoes,ripe tomato,DISTINCT,high,,,,,Canned vs fresh tomatoes.,canned|diced|ripe,true,,,
SPOTCHECK,auto_accepted_spot_check,pepper_corn,"black pepper, ground",white pepper,DISTINCT,high,,,,,White pepper is a separate purchase.,black|ground|white,true,,,
SPOTCHECK,auto_accepted_spot_check,allium,large yellow onion,"yellow onion, diced",SYNONYM,high,,,,,Same yellow onion with size/prep annotations.,diced|large,false,,,
SPOTCHECK,auto_accepted_spot_check,tomato,canned diced tomatoes with green chiles (rotel),tomato,DISTINCT,high,,,,,Canned mixed product vs fresh tomato.,canned|chili|diced|green|rotel,true,,,
SPOTCHECK,auto_accepted_spot_check,allium,diced white onion,"white onion, roughly chopped",SYNONYM,high,,,,,"Same white onion, differing cut instruction only.",chopped|diced|roughly,false,,,
SPOTCHECK,auto_accepted_spot_check,allium,green onions,"yellow onion, diced",DISTINCT,high,,,,,Green onions versus yellow bulb onions.,diced|green|yellow,false,,,
SPOTCHECK,auto_accepted_spot_check,pepper_corn,jarred roasted red peppers,white pepper,DISTINCT,high,,,,,Jarred vegetable vs ground spice.,jarred|red|roasted|white,true,,,
SPOTCHECK,auto_accepted_spot_check,tomato,sun-dried tomatoes in oil,tomato,DISTINCT,high,,,,,Jarred sun-dried tomatoes are a separate purchase from fresh tomatoes.,dried|oil|sun,true,,,
SPOTCHECK,auto_accepted_spot_check,pepper_corn,ground white pepper,white pepper,SYNONYM,high,,,,,Recipe 'white pepper' means the ground white pepper jar.,ground,true,,,
SPOTCHECK,auto_accepted_spot_check,allium,diced white onion,"red onion, thinly sliced",DISTINCT,high,,,,,White versus red onion; slicing note does not change the variety.,diced|red|sliced|thinly|white,false,,,
