rank,category,parent_dish,dish,primary_axis,cross_axis_used,axis_note,short_of_target,short_reason
1,Pasta,Spaghetti with Meat Sauce,Classic Slow-Simmered Beef Bolognese,preparation,false,"The meat sauce itself has genuine latitude — protein choice, aromatics, depth of cook, and seasoning profile all produce meaningfully different dinners while staying true to the dish.",true,A sixth distinct version would require either repeating a protein already covered or inventing a distinction too minor to change what a person actually eats — the dish supports five real versions.
1,Pasta,Spaghetti with Meat Sauce,Spicy Italian Sausage Meat Sauce,preparation,false,"The meat sauce itself has genuine latitude — protein choice, aromatics, depth of cook, and seasoning profile all produce meaningfully different dinners while staying true to the dish.",true,A sixth distinct version would require either repeating a protein already covered or inventing a distinction too minor to change what a person actually eats — the dish supports five real versions.
1,Pasta,Spaghetti with Meat Sauce,Sunday Gravy with Pork and Beef,preparation,false,"The meat sauce itself has genuine latitude — protein choice, aromatics, depth of cook, and seasoning profile all produce meaningfully different dinners while staying true to the dish.",true,A sixth distinct version would require either repeating a protein already covered or inventing a distinction too minor to change what a person actually eats — the dish supports five real versions.
1,Pasta,Spaghetti with Meat Sauce,Ground Turkey and Tomato Meat Sauce,preparation,false,"The meat sauce itself has genuine latitude — protein choice, aromatics, depth of cook, and seasoning profile all produce meaningfully different dinners while staying true to the dish.",true,A sixth distinct version would require either repeating a protein already covered or inventing a distinction too minor to change what a person actually eats — the dish supports five real versions.
1,Pasta,Spaghetti with Meat Sauce,Weeknight Beef and Mushroom Meat Sauce,preparation,false,"The meat sauce itself has genuine latitude — protein choice, aromatics, depth of cook, and seasoning profile all produce meaningfully different dinners while staying true to the dish.",true,A sixth distinct version would require either repeating a protein already covered or inventing a distinction too minor to change what a person actually eats — the dish supports five real versions.
2,Mexican/Tex-Mex,Ground Beef Tacos (Hard Shell),Classic Tex-Mex Ground Beef Tacos,preparation,false,"Hard-shell ground beef tacos have real latitude in seasoning, toppings, and sauces — the same crunchy shell and seasoned beef can be dressed in genuinely different ways that change what you actually eat.",true,"The hard shell and ground beef are fixed, and the taco's identity is already simple and focused; only five topping/seasoning combinations produce genuinely distinct dinners rather than near-clones swapping one garnish."
2,Mexican/Tex-Mex,Ground Beef Tacos (Hard Shell),Smoky Chipotle Ground Beef Tacos with Avocado Crema,preparation,false,"Hard-shell ground beef tacos have real latitude in seasoning, toppings, and sauces — the same crunchy shell and seasoned beef can be dressed in genuinely different ways that change what you actually eat.",true,"The hard shell and ground beef are fixed, and the taco's identity is already simple and focused; only five topping/seasoning combinations produce genuinely distinct dinners rather than near-clones swapping one garnish."
2,Mexican/Tex-Mex,Ground Beef Tacos (Hard Shell),Green Chile Ground Beef Tacos with Pepper Jack and Pico de Gallo,preparation,false,"Hard-shell ground beef tacos have real latitude in seasoning, toppings, and sauces — the same crunchy shell and seasoned beef can be dressed in genuinely different ways that change what you actually eat.",true,"The hard shell and ground beef are fixed, and the taco's identity is already simple and focused; only five topping/seasoning combinations produce genuinely distinct dinners rather than near-clones swapping one garnish."
2,Mexican/Tex-Mex,Ground Beef Tacos (Hard Shell),Baja-Style Ground Beef Tacos with Cabbage Slaw and Lime Crema,preparation,false,"Hard-shell ground beef tacos have real latitude in seasoning, toppings, and sauces — the same crunchy shell and seasoned beef can be dressed in genuinely different ways that change what you actually eat.",true,"The hard shell and ground beef are fixed, and the taco's identity is already simple and focused; only five topping/seasoning combinations produce genuinely distinct dinners rather than near-clones swapping one garnish."
2,Mexican/Tex-Mex,Ground Beef Tacos (Hard Shell),Cheesy Taco Bell–Style Ground Beef Tacos with Nacho Cheese Sauce,preparation,false,"Hard-shell ground beef tacos have real latitude in seasoning, toppings, and sauces — the same crunchy shell and seasoned beef can be dressed in genuinely different ways that change what you actually eat.",true,"The hard shell and ground beef are fixed, and the taco's identity is already simple and focused; only five topping/seasoning combinations produce genuinely distinct dinners rather than near-clones swapping one garnish."
3,Chicken,Baked Chicken Breast,Lemon-Herb Baked Chicken Breast,preparation,false,"Baked chicken breast has wide latitude in seasoning, glaze, and crust — the same cut can wear dramatically different flavors and finishes that produce genuinely different dinners.",false,
3,Chicken,Baked Chicken Breast,Honey Garlic Glazed Baked Chicken Breast,preparation,false,"Baked chicken breast has wide latitude in seasoning, glaze, and crust — the same cut can wear dramatically different flavors and finishes that produce genuinely different dinners.",false,
3,Chicken,Baked Chicken Breast,Parmesan-Crusted Baked Chicken Breast,preparation,false,"Baked chicken breast has wide latitude in seasoning, glaze, and crust — the same cut can wear dramatically different flavors and finishes that produce genuinely different dinners.",false,
3,Chicken,Baked Chicken Breast,Smoky Paprika Baked Chicken Breast,preparation,false,"Baked chicken breast has wide latitude in seasoning, glaze, and crust — the same cut can wear dramatically different flavors and finishes that produce genuinely different dinners.",false,
3,Chicken,Baked Chicken Breast,Balsamic-Dijon Baked Chicken Breast,preparation,false,"Baked chicken breast has wide latitude in seasoning, glaze, and crust — the same cut can wear dramatically different flavors and finishes that produce genuinely different dinners.",false,
3,Chicken,Baked Chicken Breast,Sun-Dried Tomato and Basil Baked Chicken Breast,preparation,false,"Baked chicken breast has wide latitude in seasoning, glaze, and crust — the same cut can wear dramatically different flavors and finishes that produce genuinely different dinners.",false,
4,Sandwiches/Burgers,Classic Cheeseburger,Smash Burger with American Cheese and Special Sauce,preparation,false,"The cheeseburger has a wide wardrobe — patty style, cheese choice, toppings, and build all vary meaningfully without changing what the dish fundamentally is.",false,
4,Sandwiches/Burgers,Classic Cheeseburger,Thick-Patty Pub Burger with Cheddar and Caramelized Onions,preparation,false,"The cheeseburger has a wide wardrobe — patty style, cheese choice, toppings, and build all vary meaningfully without changing what the dish fundamentally is.",false,
4,Sandwiches/Burgers,Classic Cheeseburger,Mushroom-Swiss Burger with Garlic Aioli,preparation,false,"The cheeseburger has a wide wardrobe — patty style, cheese choice, toppings, and build all vary meaningfully without changing what the dish fundamentally is.",false,
4,Sandwiches/Burgers,Classic Cheeseburger,Bacon Cheeseburger with Pepper Jack and Jalapeños,preparation,false,"The cheeseburger has a wide wardrobe — patty style, cheese choice, toppings, and build all vary meaningfully without changing what the dish fundamentally is.",false,
4,Sandwiches/Burgers,Classic Cheeseburger,Blue Cheese Burger with Crispy Onion Straws,preparation,false,"The cheeseburger has a wide wardrobe — patty style, cheese choice, toppings, and build all vary meaningfully without changing what the dish fundamentally is.",false,
4,Sandwiches/Burgers,Classic Cheeseburger,Patty Melt with Swiss and Grilled Rye,preparation,false,"The cheeseburger has a wide wardrobe — patty style, cheese choice, toppings, and build all vary meaningfully without changing what the dish fundamentally is.",false,
5,Chicken,Grilled Chicken Breast,Grilled Chicken Breast with Caesar Salad,accompaniment,false,Grilled chicken breast has one correct form — seasoned and grilled over direct heat — so versions are best expressed by what's served alongside to complete the plate.,false,
5,Chicken,Grilled Chicken Breast,Grilled Chicken Breast with Roasted Garlic Mashed Potatoes and Green Beans,accompaniment,false,Grilled chicken breast has one correct form — seasoned and grilled over direct heat — so versions are best expressed by what's served alongside to complete the plate.,false,
5,Chicken,Grilled Chicken Breast,Grilled Chicken Breast with Corn on the Cob and Tomato-Cucumber Salad,accompaniment,false,Grilled chicken breast has one correct form — seasoned and grilled over direct heat — so versions are best expressed by what's served alongside to complete the plate.,false,
5,Chicken,Grilled Chicken Breast,Grilled Chicken Breast with Spanish Rice and Black Beans,accompaniment,false,Grilled chicken breast has one correct form — seasoned and grilled over direct heat — so versions are best expressed by what's served alongside to complete the plate.,false,
5,Chicken,Grilled Chicken Breast,Grilled Chicken Breast with Grilled Asparagus and Lemon Orzo,accompaniment,false,Grilled chicken breast has one correct form — seasoned and grilled over direct heat — so versions are best expressed by what's served alongside to complete the plate.,false,
5,Chicken,Grilled Chicken Breast,Grilled Chicken Breast with Creamy Coleslaw and Baked Beans,accompaniment,false,Grilled chicken breast has one correct form — seasoned and grilled over direct heat — so versions are best expressed by what's served alongside to complete the plate.,false,
6,Pasta,Spaghetti and Meatballs,Classic Tomato Spaghetti and Meatballs,preparation,false,"Both the meatballs and the sauce have genuine latitude — meat blend, seasoning, and sauce style all shift the dish meaningfully without changing what it fundamentally is.",true,A sixth distinct version would require either repeating a sauce style already used or inventing a distinction too minor to change what a person actually eats.
6,Pasta,Spaghetti and Meatballs,Sunday Gravy Spaghetti and Meatballs,preparation,false,"Both the meatballs and the sauce have genuine latitude — meat blend, seasoning, and sauce style all shift the dish meaningfully without changing what it fundamentally is.",true,A sixth distinct version would require either repeating a sauce style already used or inventing a distinction too minor to change what a person actually eats.
6,Pasta,Spaghetti and Meatballs,Spicy Arrabbiata Spaghetti and Meatballs,preparation,false,"Both the meatballs and the sauce have genuine latitude — meat blend, seasoning, and sauce style all shift the dish meaningfully without changing what it fundamentally is.",true,A sixth distinct version would require either repeating a sauce style already used or inventing a distinction too minor to change what a person actually eats.
6,Pasta,Spaghetti and Meatballs,Spaghetti and Turkey Meatballs in Marinara,preparation,false,"Both the meatballs and the sauce have genuine latitude — meat blend, seasoning, and sauce style all shift the dish meaningfully without changing what it fundamentally is.",true,A sixth distinct version would require either repeating a sauce style already used or inventing a distinction too minor to change what a person actually eats.
6,Pasta,Spaghetti and Meatballs,Spaghetti and Ricotta-Stuffed Meatballs,preparation,false,"Both the meatballs and the sauce have genuine latitude — meat blend, seasoning, and sauce style all shift the dish meaningfully without changing what it fundamentally is.",true,A sixth distinct version would require either repeating a sauce style already used or inventing a distinction too minor to change what a person actually eats.
7,Soups/Stews/Chili,Beef Chili,Classic Ground Beef Chili,preparation,false,"Beef chili has genuine latitude in its own preparation — heat level, chili style (Texas no-bean, Cincinnati, verde-adjacent), and build (chunky vs. ground, smoked vs. braised) all produce meaningfully different bowls.",false,
7,Soups/Stews/Chili,Beef Chili,Texas-Style Beef Chili,preparation,false,"Beef chili has genuine latitude in its own preparation — heat level, chili style (Texas no-bean, Cincinnati, verde-adjacent), and build (chunky vs. ground, smoked vs. braised) all produce meaningfully different bowls.",false,
7,Soups/Stews/Chili,Beef Chili,Smoky Chipotle Beef Chili,preparation,false,"Beef chili has genuine latitude in its own preparation — heat level, chili style (Texas no-bean, Cincinnati, verde-adjacent), and build (chunky vs. ground, smoked vs. braised) all produce meaningfully different bowls.",false,
7,Soups/Stews/Chili,Beef Chili,Spicy Three-Pepper Beef Chili,preparation,false,"Beef chili has genuine latitude in its own preparation — heat level, chili style (Texas no-bean, Cincinnati, verde-adjacent), and build (chunky vs. ground, smoked vs. braised) all produce meaningfully different bowls.",false,
7,Soups/Stews/Chili,Beef Chili,Chunky Beef and Black Bean Chili,preparation,false,"Beef chili has genuine latitude in its own preparation — heat level, chili style (Texas no-bean, Cincinnati, verde-adjacent), and build (chunky vs. ground, smoked vs. braised) all produce meaningfully different bowls.",false,
7,Soups/Stews/Chili,Beef Chili,Cincinnati-Style Beef Chili,preparation,false,"Beef chili has genuine latitude in its own preparation — heat level, chili style (Texas no-bean, Cincinnati, verde-adjacent), and build (chunky vs. ground, smoked vs. braised) all produce meaningfully different bowls.",false,
8,Beef,Meatloaf,Classic Glazed Meatloaf,preparation,false,"Meatloaf has wide latitude in seasoning, mix-ins, glaze, and style — these choices genuinely change what lands on the plate.",false,
8,Beef,Meatloaf,BBQ Meatloaf,preparation,false,"Meatloaf has wide latitude in seasoning, mix-ins, glaze, and style — these choices genuinely change what lands on the plate.",false,
8,Beef,Meatloaf,Italian Meatloaf,preparation,false,"Meatloaf has wide latitude in seasoning, mix-ins, glaze, and style — these choices genuinely change what lands on the plate.",false,
8,Beef,Meatloaf,Bacon-Wrapped Meatloaf,preparation,false,"Meatloaf has wide latitude in seasoning, mix-ins, glaze, and style — these choices genuinely change what lands on the plate.",false,
8,Beef,Meatloaf,Mushroom and Swiss Meatloaf,preparation,false,"Meatloaf has wide latitude in seasoning, mix-ins, glaze, and style — these choices genuinely change what lands on the plate.",false,
8,Beef,Meatloaf,Tex-Mex Meatloaf,preparation,false,"Meatloaf has wide latitude in seasoning, mix-ins, glaze, and style — these choices genuinely change what lands on the plate.",false,
9,Italian-American,Chicken Parmesan,Classic Chicken Parmesan,preparation,false,"Chicken Parm has real latitude in its breading, sauce, cheese, and form factor — these choices produce genuinely different dinners while keeping the dish's identity intact.",true,A sixth distinct version would require either repeating a near-clone or misidentifying the dish — five covers the real wardrobe without padding.
9,Italian-American,Chicken Parmesan,Crispy Baked Chicken Parmesan,preparation,false,"Chicken Parm has real latitude in its breading, sauce, cheese, and form factor — these choices produce genuinely different dinners while keeping the dish's identity intact.",true,A sixth distinct version would require either repeating a near-clone or misidentifying the dish — five covers the real wardrobe without padding.
9,Italian-American,Chicken Parmesan,Chicken Parmesan with Vodka Sauce,preparation,false,"Chicken Parm has real latitude in its breading, sauce, cheese, and form factor — these choices produce genuinely different dinners while keeping the dish's identity intact.",true,A sixth distinct version would require either repeating a near-clone or misidentifying the dish — five covers the real wardrobe without padding.
9,Italian-American,Chicken Parmesan,Chicken Parmesan Sub,preparation,false,"Chicken Parm has real latitude in its breading, sauce, cheese, and form factor — these choices produce genuinely different dinners while keeping the dish's identity intact.",true,A sixth distinct version would require either repeating a near-clone or misidentifying the dish — five covers the real wardrobe without padding.
9,Italian-American,Chicken Parmesan,Spicy Arrabbiata Chicken Parmesan,preparation,false,"Chicken Parm has real latitude in its breading, sauce, cheese, and form factor — these choices produce genuinely different dinners while keeping the dish's identity intact.",true,A sixth distinct version would require either repeating a near-clone or misidentifying the dish — five covers the real wardrobe without padding.
10,Pizza,Homemade Pepperoni Pizza,Classic Pepperoni Pizza,preparation,false,"Homemade pizza has genuine latitude in crust style, sauce, cheese, and build — these choices produce meaningfully different dinners while the pepperoni identity stays intact.",false,
10,Pizza,Homemade Pepperoni Pizza,Thin-Crust Pepperoni Pizza,preparation,false,"Homemade pizza has genuine latitude in crust style, sauce, cheese, and build — these choices produce meaningfully different dinners while the pepperoni identity stays intact.",false,
10,Pizza,Homemade Pepperoni Pizza,Deep-Dish Pepperoni Pizza,preparation,false,"Homemade pizza has genuine latitude in crust style, sauce, cheese, and build — these choices produce meaningfully different dinners while the pepperoni identity stays intact.",false,
10,Pizza,Homemade Pepperoni Pizza,Pepperoni and Hot Honey Pizza,preparation,false,"Homemade pizza has genuine latitude in crust style, sauce, cheese, and build — these choices produce meaningfully different dinners while the pepperoni identity stays intact.",false,
10,Pizza,Homemade Pepperoni Pizza,Pepperoni Pizza with Roasted Garlic and Fresh Basil,preparation,false,"Homemade pizza has genuine latitude in crust style, sauce, cheese, and build — these choices produce meaningfully different dinners while the pepperoni identity stays intact.",false,
10,Pizza,Homemade Pepperoni Pizza,Pepperoni and Mushroom Pizza,preparation,false,"Homemade pizza has genuine latitude in crust style, sauce, cheese, and build — these choices produce meaningfully different dinners while the pepperoni identity stays intact.",false,
11,Casseroles/Bakes,Baked Mac and Cheese,Classic Baked Mac and Cheese,preparation,false,"Baked mac and cheese has genuine latitude in cheese blend, mix-ins, and crust style, producing dinners that taste and feel meaningfully different from one another.",false,
11,Casseroles/Bakes,Baked Mac and Cheese,Sharp Cheddar and Gruyère Baked Mac and Cheese,preparation,false,"Baked mac and cheese has genuine latitude in cheese blend, mix-ins, and crust style, producing dinners that taste and feel meaningfully different from one another.",false,
11,Casseroles/Bakes,Baked Mac and Cheese,Bacon and Caramelized Onion Baked Mac and Cheese,preparation,false,"Baked mac and cheese has genuine latitude in cheese blend, mix-ins, and crust style, producing dinners that taste and feel meaningfully different from one another.",false,
11,Casseroles/Bakes,Baked Mac and Cheese,Green Chile and Pepper Jack Baked Mac and Cheese,preparation,false,"Baked mac and cheese has genuine latitude in cheese blend, mix-ins, and crust style, producing dinners that taste and feel meaningfully different from one another.",false,
11,Casseroles/Bakes,Baked Mac and Cheese,Broccoli and White Cheddar Baked Mac and Cheese,preparation,false,"Baked mac and cheese has genuine latitude in cheese blend, mix-ins, and crust style, producing dinners that taste and feel meaningfully different from one another.",false,
11,Casseroles/Bakes,Baked Mac and Cheese,Crispy Breadcrumb-Topped Baked Mac and Cheese,preparation,false,"Baked mac and cheese has genuine latitude in cheese blend, mix-ins, and crust style, producing dinners that taste and feel meaningfully different from one another.",false,
12,Asian-American,Beef and Broccoli Stir-Fry,Classic Oyster Sauce Beef and Broccoli,preparation,false,"The sauce profile, heat level, and finishing touches give beef and broccoli real latitude — oyster-sauce classic, garlic-forward, spicy, black bean, ginger-citrus, and sesame variations are all genuinely different dinners a home cook would recognize and choose.",true,A sixth distinct version would require either repeating a sauce profile already covered or reaching for an ingredient combination that doesn't read as a real home-cook choice — the dish supports five meaningfully different dinners before padding sets in.
12,Asian-American,Beef and Broccoli Stir-Fry,Garlic-Ginger Beef and Broccoli,preparation,false,"The sauce profile, heat level, and finishing touches give beef and broccoli real latitude — oyster-sauce classic, garlic-forward, spicy, black bean, ginger-citrus, and sesame variations are all genuinely different dinners a home cook would recognize and choose.",true,A sixth distinct version would require either repeating a sauce profile already covered or reaching for an ingredient combination that doesn't read as a real home-cook choice — the dish supports five meaningfully different dinners before padding sets in.
12,Asian-American,Beef and Broccoli Stir-Fry,Spicy Szechuan Beef and Broccoli,preparation,false,"The sauce profile, heat level, and finishing touches give beef and broccoli real latitude — oyster-sauce classic, garlic-forward, spicy, black bean, ginger-citrus, and sesame variations are all genuinely different dinners a home cook would recognize and choose.",true,A sixth distinct version would require either repeating a sauce profile already covered or reaching for an ingredient combination that doesn't read as a real home-cook choice — the dish supports five meaningfully different dinners before padding sets in.
12,Asian-American,Beef and Broccoli Stir-Fry,Black Bean Beef and Broccoli,preparation,false,"The sauce profile, heat level, and finishing touches give beef and broccoli real latitude — oyster-sauce classic, garlic-forward, spicy, black bean, ginger-citrus, and sesame variations are all genuinely different dinners a home cook would recognize and choose.",true,A sixth distinct version would require either repeating a sauce profile already covered or reaching for an ingredient combination that doesn't read as a real home-cook choice — the dish supports five meaningfully different dinners before padding sets in.
12,Asian-American,Beef and Broccoli Stir-Fry,Sesame-Hoisin Beef and Broccoli,preparation,false,"The sauce profile, heat level, and finishing touches give beef and broccoli real latitude — oyster-sauce classic, garlic-forward, spicy, black bean, ginger-citrus, and sesame variations are all genuinely different dinners a home cook would recognize and choose.",true,A sixth distinct version would require either repeating a sauce profile already covered or reaching for an ingredient combination that doesn't read as a real home-cook choice — the dish supports five meaningfully different dinners before padding sets in.
13,Beef,Pot Roast,Classic Sunday Pot Roast with Carrots and Potatoes,preparation,false,"Pot roast has genuine latitude in its braising liquid, aromatics, and seasoning profile, producing meaningfully different dinners while the low-and-slow braised chuck identity stays intact.",false,
13,Beef,Pot Roast,Red Wine and Herb Braised Pot Roast,preparation,false,"Pot roast has genuine latitude in its braising liquid, aromatics, and seasoning profile, producing meaningfully different dinners while the low-and-slow braised chuck identity stays intact.",false,
13,Beef,Pot Roast,Tomato and Italian Herb Pot Roast,preparation,false,"Pot roast has genuine latitude in its braising liquid, aromatics, and seasoning profile, producing meaningfully different dinners while the low-and-slow braised chuck identity stays intact.",false,
13,Beef,Pot Roast,Mississippi Pot Roast with Pepperoncini and Ranch,preparation,false,"Pot roast has genuine latitude in its braising liquid, aromatics, and seasoning profile, producing meaningfully different dinners while the low-and-slow braised chuck identity stays intact.",false,
13,Beef,Pot Roast,French Onion Pot Roast,preparation,false,"Pot roast has genuine latitude in its braising liquid, aromatics, and seasoning profile, producing meaningfully different dinners while the low-and-slow braised chuck identity stays intact.",false,
13,Beef,Pot Roast,Guinness and Root Vegetable Pot Roast,preparation,false,"Pot roast has genuine latitude in its braising liquid, aromatics, and seasoning profile, producing meaningfully different dinners while the low-and-slow braised chuck identity stays intact.",false,
14,Mexican/Tex-Mex,Sheet-Pan Chicken Fajitas,Classic Tex-Mex Sheet-Pan Chicken Fajitas,preparation,false,"Sheet-pan fajitas have real latitude in marinade, seasoning profile, and the vegetables and garnishes that go into the pan — these choices meaningfully change what you eat.",true,A sixth distinct version would require either repeating a seasoning profile already covered or inventing a distinction too minor to change what a person actually eats.
14,Mexican/Tex-Mex,Sheet-Pan Chicken Fajitas,Smoky Chipotle Sheet-Pan Chicken Fajitas,preparation,false,"Sheet-pan fajitas have real latitude in marinade, seasoning profile, and the vegetables and garnishes that go into the pan — these choices meaningfully change what you eat.",true,A sixth distinct version would require either repeating a seasoning profile already covered or inventing a distinction too minor to change what a person actually eats.
14,Mexican/Tex-Mex,Sheet-Pan Chicken Fajitas,Citrus-Marinated Sheet-Pan Chicken Fajitas,preparation,false,"Sheet-pan fajitas have real latitude in marinade, seasoning profile, and the vegetables and garnishes that go into the pan — these choices meaningfully change what you eat.",true,A sixth distinct version would require either repeating a seasoning profile already covered or inventing a distinction too minor to change what a person actually eats.
14,Mexican/Tex-Mex,Sheet-Pan Chicken Fajitas,Chili-Lime Sheet-Pan Chicken Fajitas with Corn and Black Beans,preparation,false,"Sheet-pan fajitas have real latitude in marinade, seasoning profile, and the vegetables and garnishes that go into the pan — these choices meaningfully change what you eat.",true,A sixth distinct version would require either repeating a seasoning profile already covered or inventing a distinction too minor to change what a person actually eats.
14,Mexican/Tex-Mex,Sheet-Pan Chicken Fajitas,Salsa Verde Sheet-Pan Chicken Fajitas,preparation,false,"Sheet-pan fajitas have real latitude in marinade, seasoning profile, and the vegetables and garnishes that go into the pan — these choices meaningfully change what you eat.",true,A sixth distinct version would require either repeating a seasoning profile already covered or inventing a distinction too minor to change what a person actually eats.
15,Asian-American,Chicken and Vegetable Stir-Fry,Ginger-Soy Chicken Stir-Fry with Broccoli and Snap Peas,preparation,false,"Stir-fry has wide latitude in its sauce profile and vegetable mix, which together define genuinely different dinners — a ginger-soy version and a spicy peanut version are not the same meal.",true,A sixth distinct version would require either repeating a sauce profile or inventing a distinction too minor to change what a person actually eats — five covers the real range of home-cooked stir-fry dinners.
15,Asian-American,Chicken and Vegetable Stir-Fry,Spicy Peanut Chicken Stir-Fry with Bell Peppers and Cabbage,preparation,false,"Stir-fry has wide latitude in its sauce profile and vegetable mix, which together define genuinely different dinners — a ginger-soy version and a spicy peanut version are not the same meal.",true,A sixth distinct version would require either repeating a sauce profile or inventing a distinction too minor to change what a person actually eats — five covers the real range of home-cooked stir-fry dinners.
15,Asian-American,Chicken and Vegetable Stir-Fry,Garlic-Oyster Sauce Chicken Stir-Fry with Bok Choy and Mushrooms,preparation,false,"Stir-fry has wide latitude in its sauce profile and vegetable mix, which together define genuinely different dinners — a ginger-soy version and a spicy peanut version are not the same meal.",true,A sixth distinct version would require either repeating a sauce profile or inventing a distinction too minor to change what a person actually eats — five covers the real range of home-cooked stir-fry dinners.
15,Asian-American,Chicken and Vegetable Stir-Fry,Honey-Teriyaki Chicken Stir-Fry with Zucchini and Carrots,preparation,false,"Stir-fry has wide latitude in its sauce profile and vegetable mix, which together define genuinely different dinners — a ginger-soy version and a spicy peanut version are not the same meal.",true,A sixth distinct version would require either repeating a sauce profile or inventing a distinction too minor to change what a person actually eats — five covers the real range of home-cooked stir-fry dinners.
15,Asian-American,Chicken and Vegetable Stir-Fry,Black Bean Sauce Chicken Stir-Fry with Green Beans and Onions,preparation,false,"Stir-fry has wide latitude in its sauce profile and vegetable mix, which together define genuinely different dinners — a ginger-soy version and a spicy peanut version are not the same meal.",true,A sixth distinct version would require either repeating a sauce profile or inventing a distinction too minor to change what a person actually eats — five covers the real range of home-cooked stir-fry dinners.
16,Seafood,Baked Lemon-Herb Salmon,Baked Lemon-Herb Salmon with Roasted Asparagus and Garlic Butter Rice,accompaniment,false,Baked lemon-herb salmon has one correct form — salmon fillets roasted with lemon and herbs — so versions are best expressed through what completes the plate alongside it.,true,"A lean, bright main like this supports only so many genuinely distinct pairings before versions blur into near-clones; five sides produce meaningfully different dinners, a sixth would be padding."
16,Seafood,Baked Lemon-Herb Salmon,Baked Lemon-Herb Salmon with Creamy Orzo and Wilted Spinach,accompaniment,false,Baked lemon-herb salmon has one correct form — salmon fillets roasted with lemon and herbs — so versions are best expressed through what completes the plate alongside it.,true,"A lean, bright main like this supports only so many genuinely distinct pairings before versions blur into near-clones; five sides produce meaningfully different dinners, a sixth would be padding."
16,Seafood,Baked Lemon-Herb Salmon,Baked Lemon-Herb Salmon with Roasted Potatoes and Cucumber-Dill Salad,accompaniment,false,Baked lemon-herb salmon has one correct form — salmon fillets roasted with lemon and herbs — so versions are best expressed through what completes the plate alongside it.,true,"A lean, bright main like this supports only so many genuinely distinct pairings before versions blur into near-clones; five sides produce meaningfully different dinners, a sixth would be padding."
16,Seafood,Baked Lemon-Herb Salmon,Baked Lemon-Herb Salmon with White Bean and Tomato Ragout,accompaniment,false,Baked lemon-herb salmon has one correct form — salmon fillets roasted with lemon and herbs — so versions are best expressed through what completes the plate alongside it.,true,"A lean, bright main like this supports only so many genuinely distinct pairings before versions blur into near-clones; five sides produce meaningfully different dinners, a sixth would be padding."
16,Seafood,Baked Lemon-Herb Salmon,"Baked Lemon-Herb Salmon with Farro, Roasted Beets, and Arugula",accompaniment,false,Baked lemon-herb salmon has one correct form — salmon fillets roasted with lemon and herbs — so versions are best expressed through what completes the plate alongside it.,true,"A lean, bright main like this supports only so many genuinely distinct pairings before versions blur into near-clones; five sides produce meaningfully different dinners, a sixth would be padding."
17,Chicken,Buttermilk Fried Chicken,Buttermilk Fried Chicken with Mashed Potatoes and Cream Gravy,accompaniment,false,"Buttermilk fried chicken has one correct form — soaked in buttermilk, dredged, and fried — so versions are best expressed by what completes the plate alongside it.",false,
17,Chicken,Buttermilk Fried Chicken,"Buttermilk Fried Chicken with Honey, Biscuits, and Collard Greens",accompaniment,false,"Buttermilk fried chicken has one correct form — soaked in buttermilk, dredged, and fried — so versions are best expressed by what completes the plate alongside it.",false,
17,Chicken,Buttermilk Fried Chicken,Buttermilk Fried Chicken with Corn on the Cob and Creamy Coleslaw,accompaniment,false,"Buttermilk fried chicken has one correct form — soaked in buttermilk, dredged, and fried — so versions are best expressed by what completes the plate alongside it.",false,
17,Chicken,Buttermilk Fried Chicken,Buttermilk Fried Chicken with Waffles and Maple Butter,accompaniment,false,"Buttermilk fried chicken has one correct form — soaked in buttermilk, dredged, and fried — so versions are best expressed by what completes the plate alongside it.",false,
17,Chicken,Buttermilk Fried Chicken,Buttermilk Fried Chicken with Mac and Cheese and Pickled Jalapeños,accompaniment,false,"Buttermilk fried chicken has one correct form — soaked in buttermilk, dredged, and fried — so versions are best expressed by what completes the plate alongside it.",false,
17,Chicken,Buttermilk Fried Chicken,Buttermilk Fried Chicken with Potato Salad and Vinegar Slaw,accompaniment,false,"Buttermilk fried chicken has one correct form — soaked in buttermilk, dredged, and fried — so versions are best expressed by what completes the plate alongside it.",false,
18,Soups/Stews/Chili,Chicken Noodle Soup,Classic Chicken Noodle Soup,preparation,false,"Chicken noodle soup has genuine latitude in broth character, noodle type, and aromatics — these choices produce meaningfully different bowls a person would choose between.",true,"A sixth distinct version would require padding — the dish's real variables (broth depth, noodle type, herb profile, richness) are exhausted at five without manufacturing near-clones."
18,Soups/Stews/Chili,Chicken Noodle Soup,Creamy Chicken Noodle Soup,preparation,false,"Chicken noodle soup has genuine latitude in broth character, noodle type, and aromatics — these choices produce meaningfully different bowls a person would choose between.",true,"A sixth distinct version would require padding — the dish's real variables (broth depth, noodle type, herb profile, richness) are exhausted at five without manufacturing near-clones."
18,Soups/Stews/Chili,Chicken Noodle Soup,Lemon-Herb Chicken Noodle Soup,preparation,false,"Chicken noodle soup has genuine latitude in broth character, noodle type, and aromatics — these choices produce meaningfully different bowls a person would choose between.",true,"A sixth distinct version would require padding — the dish's real variables (broth depth, noodle type, herb profile, richness) are exhausted at five without manufacturing near-clones."
18,Soups/Stews/Chili,Chicken Noodle Soup,Slow-Cooked Chicken Noodle Soup,preparation,false,"Chicken noodle soup has genuine latitude in broth character, noodle type, and aromatics — these choices produce meaningfully different bowls a person would choose between.",true,"A sixth distinct version would require padding — the dish's real variables (broth depth, noodle type, herb profile, richness) are exhausted at five without manufacturing near-clones."
18,Soups/Stews/Chili,Chicken Noodle Soup,Chicken Noodle Soup with Wide Egg Noodles and Dill,preparation,false,"Chicken noodle soup has genuine latitude in broth character, noodle type, and aromatics — these choices produce meaningfully different bowls a person would choose between.",true,"A sixth distinct version would require padding — the dish's real variables (broth depth, noodle type, herb profile, richness) are exhausted at five without manufacturing near-clones."
19,Chicken,Roast Whole Chicken,Classic Herb Butter Roast Chicken,preparation,false,"Roast whole chicken has enormous latitude in seasoning, glazes, aromatics, and stuffing the cavity — these genuinely produce different dinners, not just substitutions.",false,
19,Chicken,Roast Whole Chicken,Garlic and Lemon Roast Chicken,preparation,false,"Roast whole chicken has enormous latitude in seasoning, glazes, aromatics, and stuffing the cavity — these genuinely produce different dinners, not just substitutions.",false,
19,Chicken,Roast Whole Chicken,Spatchcocked Roast Chicken with Smoked Paprika,preparation,false,"Roast whole chicken has enormous latitude in seasoning, glazes, aromatics, and stuffing the cavity — these genuinely produce different dinners, not just substitutions.",false,
19,Chicken,Roast Whole Chicken,Honey-Dijon Glazed Roast Chicken,preparation,false,"Roast whole chicken has enormous latitude in seasoning, glazes, aromatics, and stuffing the cavity — these genuinely produce different dinners, not just substitutions.",false,
19,Chicken,Roast Whole Chicken,Tuscan Roast Chicken with White Wine and Olives,preparation,false,"Roast whole chicken has enormous latitude in seasoning, glazes, aromatics, and stuffing the cavity — these genuinely produce different dinners, not just substitutions.",false,
19,Chicken,Roast Whole Chicken,Dry-Rubbed Roast Chicken with Crispy Skin,preparation,false,"Roast whole chicken has enormous latitude in seasoning, glazes, aromatics, and stuffing the cavity — these genuinely produce different dinners, not just substitutions.",false,
20,Soups/Stews/Chili,Beef Stew,Classic Beef Stew with Potatoes and Carrots,preparation,false,"Beef stew has wide latitude in its own preparation — the braising liquid, aromatics, vegetables, and cooking method all shift the dish meaningfully without changing what it fundamentally is.",false,
20,Soups/Stews/Chili,Beef Stew,Red Wine Braised Beef Stew,preparation,false,"Beef stew has wide latitude in its own preparation — the braising liquid, aromatics, vegetables, and cooking method all shift the dish meaningfully without changing what it fundamentally is.",false,
20,Soups/Stews/Chili,Beef Stew,Beef and Guinness Stew,preparation,false,"Beef stew has wide latitude in its own preparation — the braising liquid, aromatics, vegetables, and cooking method all shift the dish meaningfully without changing what it fundamentally is.",false,
20,Soups/Stews/Chili,Beef Stew,Slow Cooker Beef Stew with Root Vegetables,preparation,false,"Beef stew has wide latitude in its own preparation — the braising liquid, aromatics, vegetables, and cooking method all shift the dish meaningfully without changing what it fundamentally is.",false,
20,Soups/Stews/Chili,Beef Stew,Tomato-Based Beef Stew with Green Beans and Corn,preparation,false,"Beef stew has wide latitude in its own preparation — the braising liquid, aromatics, vegetables, and cooking method all shift the dish meaningfully without changing what it fundamentally is.",false,
20,Soups/Stews/Chili,Beef Stew,Beef Stew with Mushrooms and Pearl Onions,preparation,false,"Beef stew has wide latitude in its own preparation — the braising liquid, aromatics, vegetables, and cooking method all shift the dish meaningfully without changing what it fundamentally is.",false,
21,Pasta,Chicken Alfredo,Classic Chicken Alfredo,preparation,false,"Chicken Alfredo has real latitude in how the chicken is prepared, how the sauce is built, and what pasta or add-ins are used, making preparation the natural axis for meaningful variation.",false,
21,Pasta,Chicken Alfredo,Grilled Chicken Alfredo,preparation,false,"Chicken Alfredo has real latitude in how the chicken is prepared, how the sauce is built, and what pasta or add-ins are used, making preparation the natural axis for meaningful variation.",false,
21,Pasta,Chicken Alfredo,Blackened Chicken Alfredo,preparation,false,"Chicken Alfredo has real latitude in how the chicken is prepared, how the sauce is built, and what pasta or add-ins are used, making preparation the natural axis for meaningful variation.",false,
21,Pasta,Chicken Alfredo,Baked Chicken Alfredo,preparation,false,"Chicken Alfredo has real latitude in how the chicken is prepared, how the sauce is built, and what pasta or add-ins are used, making preparation the natural axis for meaningful variation.",false,
21,Pasta,Chicken Alfredo,Sun-Dried Tomato Chicken Alfredo,preparation,false,"Chicken Alfredo has real latitude in how the chicken is prepared, how the sauce is built, and what pasta or add-ins are used, making preparation the natural axis for meaningful variation.",false,
22,Italian-American,Beef Lasagna,Classic Beef and Ricotta Lasagna,preparation,false,"Beef lasagna has genuine latitude in its meat sauce, cheese layers, and overall build — from a classic bolognese-style to a ricotta-heavy American style to a white-sauce variation — making preparation the natural axis.",true,A sixth distinct version would require either misidentifying the dish or padding with near-clones; five versions cover the real range of how home cooks build beef lasagna differently.
22,Italian-American,Beef Lasagna,Beef Bolognese Lasagna,preparation,false,"Beef lasagna has genuine latitude in its meat sauce, cheese layers, and overall build — from a classic bolognese-style to a ricotta-heavy American style to a white-sauce variation — making preparation the natural axis.",true,A sixth distinct version would require either misidentifying the dish or padding with near-clones; five versions cover the real range of how home cooks build beef lasagna differently.
22,Italian-American,Beef Lasagna,Beef and Béchamel Lasagna,preparation,false,"Beef lasagna has genuine latitude in its meat sauce, cheese layers, and overall build — from a classic bolognese-style to a ricotta-heavy American style to a white-sauce variation — making preparation the natural axis.",true,A sixth distinct version would require either misidentifying the dish or padding with near-clones; five versions cover the real range of how home cooks build beef lasagna differently.
22,Italian-American,Beef Lasagna,Spicy Beef Lasagna,preparation,false,"Beef lasagna has genuine latitude in its meat sauce, cheese layers, and overall build — from a classic bolognese-style to a ricotta-heavy American style to a white-sauce variation — making preparation the natural axis.",true,A sixth distinct version would require either misidentifying the dish or padding with near-clones; five versions cover the real range of how home cooks build beef lasagna differently.
22,Italian-American,Beef Lasagna,Beef and Roasted Vegetable Lasagna,preparation,false,"Beef lasagna has genuine latitude in its meat sauce, cheese layers, and overall build — from a classic bolognese-style to a ricotta-heavy American style to a white-sauce variation — making preparation the natural axis.",true,A sixth distinct version would require either misidentifying the dish or padding with near-clones; five versions cover the real range of how home cooks build beef lasagna differently.
23,Pork,Grilled Pork Chops,Classic Herb-Marinated Grilled Pork Chops with Grilled Zucchini,preparation,false,"Grilled pork chops have genuine latitude in marinade, glaze, rub, and seasoning profile, making preparation the natural axis for distinct versions.",false,
23,Pork,Grilled Pork Chops,Brown Sugar and Smoked Paprika Rubbed Pork Chops with Corn on the Cob,preparation,false,"Grilled pork chops have genuine latitude in marinade, glaze, rub, and seasoning profile, making preparation the natural axis for distinct versions.",false,
23,Pork,Grilled Pork Chops,Honey Mustard Glazed Pork Chops with Roasted Sweet Potatoes,preparation,false,"Grilled pork chops have genuine latitude in marinade, glaze, rub, and seasoning profile, making preparation the natural axis for distinct versions.",false,
23,Pork,Grilled Pork Chops,Soy-Ginger Marinated Pork Chops with Steamed Jasmine Rice and Cucumber Salad,preparation,false,"Grilled pork chops have genuine latitude in marinade, glaze, rub, and seasoning profile, making preparation the natural axis for distinct versions.",false,
23,Pork,Grilled Pork Chops,BBQ-Glazed Pork Chops with Tangy Coleslaw and Baked Beans,preparation,false,"Grilled pork chops have genuine latitude in marinade, glaze, rub, and seasoning profile, making preparation the natural axis for distinct versions.",false,
23,Pork,Grilled Pork Chops,Garlic and Rosemary Pork Chops with Grilled Peaches and Arugula,preparation,false,"Grilled pork chops have genuine latitude in marinade, glaze, rub, and seasoning profile, making preparation the natural axis for distinct versions.",false,
24,Pork,BBQ Pulled Pork,Classic Smoky Pulled Pork Sandwich,preparation,false,"Pulled pork has genuine latitude in its smoke, rub, sauce, and regional BBQ style, producing meaningfully different dinners across traditions.",false,
24,Pork,BBQ Pulled Pork,Carolina Vinegar Pulled Pork with Slaw,preparation,false,"Pulled pork has genuine latitude in its smoke, rub, sauce, and regional BBQ style, producing meaningfully different dinners across traditions.",false,
24,Pork,BBQ Pulled Pork,Kansas City Sweet BBQ Pulled Pork Plate,preparation,false,"Pulled pork has genuine latitude in its smoke, rub, sauce, and regional BBQ style, producing meaningfully different dinners across traditions.",false,
24,Pork,BBQ Pulled Pork,Chipotle-Spiced Pulled Pork Tacos,preparation,false,"Pulled pork has genuine latitude in its smoke, rub, sauce, and regional BBQ style, producing meaningfully different dinners across traditions.",false,
24,Pork,BBQ Pulled Pork,Honey-Mustard Pulled Pork Bowl with Rice,preparation,false,"Pulled pork has genuine latitude in its smoke, rub, sauce, and regional BBQ style, producing meaningfully different dinners across traditions.",false,
24,Pork,BBQ Pulled Pork,Slow-Roasted Pulled Pork with Alabama White Sauce,preparation,false,"Pulled pork has genuine latitude in its smoke, rub, sauce, and regional BBQ style, producing meaningfully different dinners across traditions.",false,
25,Sandwiches/Burgers,Sloppy Joes,Classic Sloppy Joes,preparation,false,"Sloppy Joes have real latitude in their sauce profile and protein, which genuinely changes what you taste — tangy vs. smoky vs. spicy vs. sweet — while the saucy-meat-on-bun identity stays fixed.",true,"After covering the main sauce directions (classic tomato-sweet, smoky BBQ, spicy, turkey-lightened, and sausage-Italian), a sixth version would require either a trivial seasoning tweak that doesn't change the eating experience or a stretch into territory that no longer reads as Sloppy Joes."
25,Sandwiches/Burgers,Sloppy Joes,Smoky BBQ Sloppy Joes,preparation,false,"Sloppy Joes have real latitude in their sauce profile and protein, which genuinely changes what you taste — tangy vs. smoky vs. spicy vs. sweet — while the saucy-meat-on-bun identity stays fixed.",true,"After covering the main sauce directions (classic tomato-sweet, smoky BBQ, spicy, turkey-lightened, and sausage-Italian), a sixth version would require either a trivial seasoning tweak that doesn't change the eating experience or a stretch into territory that no longer reads as Sloppy Joes."
25,Sandwiches/Burgers,Sloppy Joes,Spicy Chipotle Sloppy Joes,preparation,false,"Sloppy Joes have real latitude in their sauce profile and protein, which genuinely changes what you taste — tangy vs. smoky vs. spicy vs. sweet — while the saucy-meat-on-bun identity stays fixed.",true,"After covering the main sauce directions (classic tomato-sweet, smoky BBQ, spicy, turkey-lightened, and sausage-Italian), a sixth version would require either a trivial seasoning tweak that doesn't change the eating experience or a stretch into territory that no longer reads as Sloppy Joes."
25,Sandwiches/Burgers,Sloppy Joes,Turkey Sloppy Joes,preparation,false,"Sloppy Joes have real latitude in their sauce profile and protein, which genuinely changes what you taste — tangy vs. smoky vs. spicy vs. sweet — while the saucy-meat-on-bun identity stays fixed.",true,"After covering the main sauce directions (classic tomato-sweet, smoky BBQ, spicy, turkey-lightened, and sausage-Italian), a sixth version would require either a trivial seasoning tweak that doesn't change the eating experience or a stretch into territory that no longer reads as Sloppy Joes."
25,Sandwiches/Burgers,Sloppy Joes,Italian Sausage Sloppy Joes,preparation,false,"Sloppy Joes have real latitude in their sauce profile and protein, which genuinely changes what you taste — tangy vs. smoky vs. spicy vs. sweet — while the saucy-meat-on-bun identity stays fixed.",true,"After covering the main sauce directions (classic tomato-sweet, smoky BBQ, spicy, turkey-lightened, and sausage-Italian), a sixth version would require either a trivial seasoning tweak that doesn't change the eating experience or a stretch into territory that no longer reads as Sloppy Joes."
